txt,label
"['จราจร', 'แย่', 'คำนึง', 'พื้นที่', 'รอบ', 'โรง', 'เรียน', 'ทำ', 'รถ', 'ติด', 'แทน', 'รถ', 'ปะปน']",0.0

"['คลิป', 'ต่อต้าน', 'ยา', 'เสพ', 'ติด', 'โลก', 'เสียง', 'เบา', 'หาย', 'กระตุก']",0.0

"['ยอด', 'ปวด', 'หัว', 'รอ', 'ไหว']",0.0

"['กฎระเบียบ', 'ดี', 'แถม', 'ตี', 'เด็ก']",0.0

"['ประตู', 'ระวัง', 'เชือก', 'ผูก', 'รองเท้า', 'อันตราย']",0.0

"['ผึ้ง', 'เรียน', 'ไห้', 'จ่าย', 'เทอม', 'นึก', 'พ่อ', 'แม่', 'ตาย']",0.0

"['ถาม', 'อ่าน', 'ตอบ', 'แย่']",0.0

"['คืน', 'เทอม', 'ห้อง', 'EP', 'เรียน', 'โรง', 'เรียน', 'เรียน', 'บ้าน', 'เทอม']",0.0

"['ช่วยเหลือ', 'ห่วย']",0.0

"['ห้องน้ำ', 'ทิชชู่', 'เด็ก', 'ผญ', 'เรื่อง', 'สะอาด', 'เด็ก', 'คน', 'ห้องน้ำ', 'สกปรก', 'กล้า', 'ห้องน้ำ', 'อั้น', 'ดี']",0.0

"['เด็ก', 'เรียน', 'หญิง', 'คู่', '20', 'บาท', '23', 'หลุด', 'ซื้อ', 'แย่', 'เหมือน', 'พิจารณา']",0.0

"['เด็ก', 'เรียน', 'หญิง', 'คู่', '20', 'บาท', '23', 'หลุด', 'ซื้อ', 'แย่', 'เหมือน', 'พิจารณา']",0.0

"['เรียน', 'ปกติ', 'ระดับ', 'ชั้น', 'โรง', 'เรียน', 'ปกครอง', 'รถ', 'โรง', 'เรียน', 'เด็ก', 'แย่', 'สำหรับ', 'ปกครอง', 'คน', 'รบกวน', 'รร', 'ลอง', 'ลงมา', 'ดู', 'ลาน', 'จอด', 'รถ', 'ตอน', 'เช้า', 'ตอน', 'เย็น', 'รถ', 'ติด']",0.0

"['จอด', 'รถ', 'พิจารณา', 'เรื่อง', 'จอด', 'รถ', 'เต็ม', 'รูปแบบ', 'รถ', 'ติด']",0.0

"['จอด', 'รถ', 'พิจารณา', 'เรื่อง', 'จอด', 'รถ', 'เต็ม', 'รูปแบบ', 'รถ', 'ติด']",0.0

"['เรื่อง', 'รถ', 'เรียน', 'เด็ก', 'เรียน', 'คน', 'โรง', 'เรียน', 'เช้า', 'รถ', 'เรียน', 'แน่น', 'นั่ง', 'ลูกหลาน', 'นั่ง', 'ไช่', 'นั่ง', 'เด็ก', 'รถ', '20', 'คน', 'คิดเห็น', 'ตอน', 'เช้า', 'สาย', 'เด็ก', 'หน้า', 'รถ', '2', 'คัน', 'เงิน', 'นั่ง', 'ไช่', 'นั่ง', 'แน่น', 'สังเกตุ', 'อาทิศ', 'ขอบคุณ', 'หวัง', 'กรุณา', 'พิจารณา']",0.0

"['เรื่อง', 'รถ', 'เรียน', 'เด็ก', 'เรียน', 'คน', 'โรง', 'เรียน', 'เช้า', 'รถ', 'เรียน', 'แน่น', 'นั่ง', 'ลูกหลาน', 'นั่ง', 'ไช่', 'นั่ง', 'เด็ก', 'รถ', '20', 'คน', 'คิดเห็น', 'ตอน', 'เช้า', 'สาย', 'เด็ก', 'หน้า', 'รถ', '2', 'คัน', 'เงิน', 'นั่ง', 'ไช่', 'นั่ง', 'แน่น', 'สังเกตุ', 'อาทิศ', 'ขอบคุณ', 'หวัง', 'กรุณา', 'พิจารณา']",0.0

"['รรคืน', 'เงิน', 'คน', 'บ่น', 'ลูก', 'ชาย', 'คน', 'เรียน', 'โครงการ', 'พิเศษ', 'รร', 'รัฐบาล', 'เทอม', 'สอง', 'หมื่น', 'คืน', 'เงิน', '1380', 'ผปค', 'โพสบ่น', 'เพจรร', 'รร', 'เอกชน', 'ขนาด', 'ปกติ', 'ยังคืน', 'รรรัฐบาล', 'คน', 'บ่น']",0.0

"['จัดสรร', 'เรื่อง', 'จอด', 'รถ', 'รูปแบบ', 'ชัดเจน', 'ตอน', 'เลิก', 'เรียน', 'ลำบาก', 'จอด', 'วน', 'ลูก', 'รอ', 'คน', 'สุดท้าย', 'ห้อง', 'เกรงใจ', 'คุณครู', 'รอ', 'คน']",0.0

"['เวลา', 'การเรียนการสอน', 'เร่งรัด', 'เรื่อง', 'เรียน', 'รู้', 'ตัด', 'ระบบ', 'ปัจุบัน', 'ทำ', 'งาน', 'งาน']",0.0

"['กระตุก', 'กระตุก', 'นิ่ง', 'โรง', 'เรียน', 'พิจารณา', 'เรื่อง', 'bandwidth', 'เรียน', 'พัน', 'คน', 'ระบบ', 'ไฟล์', 'เอกสาร', 'vdo', 'offline', 'ลูก', 'เรียน', 'ดี', 'แย่']",0.0

"['กระตุก', 'กระตุก', 'นิ่ง', 'โรง', 'เรียน', 'พิจารณา', 'เรื่อง', 'bandwidth', 'เรียน', 'พัน', 'คน', 'ระบบ', 'ไฟล์', 'เอกสาร', 'vdo', 'offline', 'ลูก', 'เรียน', 'ดี', 'แย่']",0.0

"['ระดับ', 'ป', '4', '50164', 'คลิป', 'การเรียนการสอน', 'เพื่ม', 'กระตุก', 'เหมือน', 'เดิม', 'คลิป', 'วาน', 'เด็ก', 'เรียน', 'กระตุก', 'ดู', 'ค้น', 'วาน', 'เก่า', 'มั่ว', 'ระดับ', 'มัธยมศึก', 'ดู', 'ประถม', 'ดู', 'ชำระ', 'เงิน', 'เหมือน', 'คุณนิตยา', 'ทราบ', 'ปัญหา', 'ปรับปรุง', 'ห่วย']",0.0

"['ระดับ', 'ป', '4', '50164', 'คลิป', 'การเรียนการสอน', 'เพื่ม', 'กระตุก', 'เหมือน', 'เดิม', 'คลิป', 'วาน', 'เด็ก', 'เรียน', 'กระตุก', 'ดู', 'ค้น', 'วาน', 'เก่า', 'มั่ว', 'ระดับ', 'มัธยมศึก', 'ดู', 'ประถม', 'ดู', 'ชำระ', 'เงิน', 'เหมือน', 'คุณนิตยา', 'ทราบ', 'ปัญหา', 'ปรับปรุง', 'ห่วย']",0.0

"['โปรด', 'พิจารณา', 'สำหรับ', 'แผนก', 'ep', 'วิชา', 'เรียน', 'ภาษา', 'อังกฤษ', 'วิชา', 'สอน', 'ออนไลน์', 'สด', 'เด็ก', 'สอบถาม', 'T', 'TA', 'ประจำ', 'วิชา', 'โอเค']",0.0

"['โปรด', 'พิจารณา', 'สำหรับ', 'แผนก', 'ep', 'วิชา', 'เรียน', 'ภาษา', 'อังกฤษ', 'วิชา', 'สอน', 'ออนไลน์', 'สด', 'เด็ก', 'สอบถาม', 'T', 'TA', 'ประจำ', 'วิชา', 'โอเค']",0.0

"['สรุป', 'เรียน', 'ออนไลน์', 'ระดับ', 'ประถม', 'ปรับปรุง', 'ดี', 'เสียง', 'คลิป', 'ฟัง', 'รู้', 'เรื่อง', 'อุปกรณ์', 'รร', 'ครู', 'ทุน', 'หรอ', 'เสียง', 'ยิน', 'ดับ', 'หาย', 'รร', 'ทุน', 'อุปกรณ์', 'ครู', 'ไมค์', 'อัด', 'คลิป', 'เรื่อง', 'ภาพ', 'เรื่อง', 'นึง', 'เรื่อง', 'เสียง', 'นร', 'ฟัง', 'ครู', 'อธิบาย', 'กลาย', 'ทำ', 'งาน', 'ซ้ำซ้อน', 'รร', 'ทุน', 'อุปกรณ์', 'ครู']",0.0

"['คลิป', 'ค้าง', 'กระตุก', 'วิชา', 'เช้า', 'ตอน', 'ดู', 'รู้', 'เรื่อง']",0.0

"['vdo', 'กระตุก', 'โหลด', 'ดู', 'สะดุด', 'รู้', 'เรื่อง', 'ดู', 'วิชา']",0.0

"['เว็ป', 'โรง', 'เรียน', 'โหลด', 'คลิป', 'กระตุก', 'ดู', 'รู้', 'เรื่อง']",0.0

"['พิจารณา', 'เรื่อง', 'เรียน', 'zoom', 'โรง', 'เรียน', 'จังหวัดเค้า', 'เรียน', 'โปรแกรม', 'ตอบโต้', 'เรียน', 'เด็ก', 'นั่ง', 'ฟัง', 'ครู', 'คน', 'สอน', 'สนใจ', 'นั่ง', 'ฟัง', 'เทอม', 'แล้วแม่', 'นั่ง', 'ฟัง', 'ลูก', 'เบื่อ', 'รบกวน', 'พิจารณา']",0.0

"['พิจารณา', 'เรื่อง', 'เรียน', 'zoom', 'โรง', 'เรียน', 'จังหวัดเค้า', 'เรียน', 'โปรแกรม', 'ตอบโต้', 'เรียน', 'เด็ก', 'นั่ง', 'ฟัง', 'ครู', 'คน', 'สอน', 'สนใจ', 'นั่ง', 'ฟัง', 'เทอม', 'แล้วแม่', 'นั่ง', 'ฟัง', 'ลูก', 'เบื่อ', 'รบกวน', 'พิจารณา']",0.0

"['รร', 'ซื้อ', 'แอพ', 'Zoom', 'premium', 'ครู', 'เวลา', '40', 'นาที', 'zoom', 'ฟรี', 'กรณี', 'สอน', 'สด', 'รอ', 'เรียน', 'กิน', 'เวลา', '10', 'นาที', 'เวลา', 'เน็ต', 'หลุด', 'เวลา', 'เรียน', 'ต่อเนื่อง', 'เต็มที่', 'เด็ก', 'มปลาย', 'เด็ก', 'บ่น']",0.0

"['ขอโทษ', 'กด', 'วีดีโอ', 'ติด', 'ติด', 'ไหว']",0.0

"['ลอง', 'WiFi', '5', 'G', 'ติด', 'ติด', 'เซ็ง']",0.0

"['จัดซัมเมอร', 'ดิฉัน', 'ลูก', 'เรียน', 'แน่นอน', 'ทำ', 'บุญ', 'รร', 'อันตราย', 'ขนาด', 'สอน', 'ซัมเมอร์', 'โค', 'วิด', 'คน', 'ติด', 'พัน', 'คน', 'เด็ก', 'ติด', 'หาย', 'ปอด', 'หาย', 'ครึ่ง', 'นึง', 'อนาคต', 'สุขภาพ', 'เด็ก', 'แย่']",0.0

"['ดู', 'วาเด็ก', 'ม', '6', 'รุ่น', 'เดือดร้อน', 'พลาด', 'โอกาส', 'พลาด', 'เรียน']",0.0

"['โรง', 'เรียน', 'เร่ง', 'เด็ก', 'เรียน', 'ปกครอง', 'คน', 'ประสาน', 'แจ้ง', 'รายละเอียด', 'ปัญหา', 'พิจารณา', 'โรง', 'เรียน', 'เร่ง', 'หา', 'ด่วน']",0.0

"['ห้องน้ำ', 'เรียน', 'อาคาร', 'อับชื้น', 'สกปรก', 'รบกวน', 'ตรวจ']",0.0

"['รร', 'พิจารณา', 'เรื่อง', 'ขับ', 'รถ', 'วน', 'นร', 'รร']",0.0

"['กระตุก', 'ค่', 'หยุด', 'ๆะ', 'เล่น', 'อารมณ์']",0.0

"['กระตุก', 'ค้าง', 'คุณภาพ', 'เสียง', 'ดี', 'ได้ยิน', 'ห่วย']",0.0

"['กระตุก', 'file', 'ค้าง', 'เด็ก', 'เดิน', 'หนี']",0.0

"['กระตุก', 'คลิป', 'เรียน', 'แย่']",0.0

"['ดู', 'กระตุก', 'ค้าง']",0.0

"['กระตุก', 'ค้างๆ', 'วิชา', 'เวลา', 'แย่']",0.0

"['กระตุก', 'สะดุด', 'วิชา', 'เรียน', 'เด็ก', 'แย่', 'สิ', 'คับ']",0.0

"['ป2', 'ป4', 'ดู', 'VDO', 'ไหว']",0.0

"['กระตุก', 'เรียน', 'เวลา']",0.0

"['กระตุก', 'link', 'ห่วย']",0.0

"['ควบคุม', 'ผลิต', 'ดี', 'โปรตีน', 'ผัก', 'ผลไม้', 'ห่วย', 'มากก']",0.0

"['เมนู', 'ก๋วยเตี๋ยว', 'น้อง', 'ผม', 'บ่น', 'กิน', 'หมี่']",0.0

"['น้ำ', 'ซุป', 'ฟัก', 'ลูก', 'จืด', 'กะน้ำเปล่า', 'ปรับปรุง']",0.0

"['ติด', 'ป้าย', 'ลด', 'ดี', 'ฝุ่น', 'ปูน', 'ลอย', 'หน้าต่าง', 'เด็ก', 'นั่ง', 'เพียบ']",0.0

"['เส้น', 'กะทิ', 'หลีกเลี่ยง', 'ทำ', 'อาหาร', 'เด็ก', 'เด็ก', 'ปวด', 'ท้อง', 'ท้องเสีย', 'คน']",0.0

"['เด็ก', 'ข้าว', 'แข็ง', 'วาน']",0.0

"['เด็ก', 'คน', 'ห้องน้ำ', 'สกปรก', 'กล้า', 'ห้องน้ำ', 'อั้น', 'ดี']",0.0

"['หวัง', 'เทอม', 'ฟัง', 'ลูก', 'เรื่อง', 'รสชาติ', 'ปริมาณ', 'เหมาะสม']",0.0

"['ปริมาณ', 'อาหาร', 'ต้องการ', 'ด่วน', 'ห่วย', 'เทอม']",0.0

"['ผม', 'สงสาร', 'เด็ก', 'รร', 'โรง', 'อาหาร', 'แน่น']",0.0

"['แบ่ง', 'เหมาะสม', 'เด็กเล็ก', 'เด็ก', 'ปรับปรุง', 'โภชนาการ', 'อาหาร']",0.0

"['ฝน', 'ตก', 'ลูก', 'ลำบาก', 'ปรับปรุง']",0.0

"['ฝน', 'ตก', 'ลูก', 'ลำบาก', 'ปรับปรุง']",0.0

"['ฝน', 'ตก', 'ลูก', 'ลำบาก']",0.0

"['พิจารณา', 'จอด', 'รถ']",0.0

"['ลาน', 'จอด', 'ฝุ่น']",0.0

"['เมนูกระเพรา', 'หมู', 'อังคาร', 'ลด', 'เผ็ด']",0.0

"['รร', 'พิจารณา', 'เรื่อง', 'ขับ', 'รถ', 'วน', 'นร', 'รร']",0.0

"['ถนนข้าง', 'สนาม', 'กอล์ฟ', 'รถ', 'ดับ', 'เพลิง', 'ฉีด', 'ล้าง', 'ฝุ่น', 'ดิน', 'ดี']",0.0

"['ใส่', 'พริก', 'ดี', 'เด็ก', 'ประถม', 'ทาน', 'เผ็ด', 'คน']",0.0

"['ทำ', 'อาหาร', 'เด็ก', 'ทาน', 'เมนูแกง', 'สำหรับ', 'เด็ก', 'ประถม']",0.0

"['เช็ค', 'สหกรณ์', 'หน้ากาก', 'อนามัย', 'แพง']",0.0

"['ทราบ', 'ปัญหา', 'ปรับปรุง', 'ห่วย']",0.0

"['พิจารณา', 'เรื่อง', 'สะอาด', 'เด็ก', 'สงสาร', 'นั่ง', 'พื้น', 'สั่ง', '…', 'รู้', 'เรื่อง']",0.0

"['กิน', 'ต้ม', 'จืด', 'อาหาร']",0.0

"['กิน', 'ต้ม', 'จืด', 'อาหาร', 'ทำ', 'อาหาร', 'รสชาติ']",0.0

"['น้ำ', 'ตก', 'หมู', 'ทำ', 'ตาราง', 'เด็ก', 'ไก่', 'ทอด', 'ทำ', 'ตาราง']",0.0

"['ทอด', 'ไส้กรอก', 'ลูก', 'ชิ้น', 'ฝาก', 'พิจารณา', 'อาหาร', 'ประโยชน์', 'เด็ก']",0.0

"['รถ', 'รถ', 'ติด', 'แย่', 'สิ', 'เรียน', 'หลัก', 'ร้อย', 'เรียน', 'พัน']",0.0

"['เมนู', 'อาหาร', 'เสาร์', 'เมนู', 'ไก่', 'ทอด', 'ก้อดี', 'เด็ก', 'บ่น', 'ไก่', 'ทอด', 'เสาร์']",0.0

"['พื้นที่', 'พัก', 'คอย', 'ญาติ', 'รอ', 'ก', 'สอบ', 'รู้', 'ตัว']",0.0

"['กิจกรรม', 'ดี', 'เรื่อง', 'สะอาด', 'ปรับปรุง', 'ครู', 'ใส่', 'รองเท้า', 'เดิน', 'เหยียบ', 'พื้น', 'เด็ก', 'อนุบาล', '1', 'นั่ง', 'พื้น', 'กิน', 'กล้วย', 'มือ', 'เด็ก', 'พื้น', 'หน้า', 'ขยี้', 'ตา', 'ท้าย', 'ติด', 'โรค', 'มือ', 'เท้า', 'ปาก', 'Covid', 'รบกวน', 'รร', 'พิจารณา', 'เรื่อง', 'สะอาด', 'เด็ก', 'สงสาร', 'นั่ง', 'พื้น', 'สั่ง', '…', 'รู้', 'เรื่อง']",0.0

"['กิจกรรม', 'ดี', 'เรื่อง', 'สะอาด', 'ปรับปรุง', 'ครู', 'ใส่', 'รองเท้า', 'เดิน', 'เหยียบ', 'พื้น', 'เด็ก', 'อนุบาล', '1', 'นั่ง', 'พื้น', 'กิน', 'กล้วย', 'มือ', 'เด็ก', 'พื้น', 'หน้า', 'ขยี้', 'ตา', 'ท้าย', 'ติด', 'โรค', 'มือ', 'เท้า', 'ปาก', 'Covid', 'รบกวน', 'รร', 'พิจารณา', 'เรื่อง', 'สะอาด', 'เด็ก', 'สงสาร', 'นั่ง', 'พื้น', 'สั่ง', '…', 'รู้', 'เรื่อง']",0.0

"['ขอร้องเรียน', 'เรื่อง', 'ครู', 'ประถม', 'ครู', 'ตี', 'เรียน', 'เรียน', 'ใส่', 'ถุง', 'เท้า', 'ห้อง', 'เรียน', 'น้อง', 'รองเท้า', 'เปียก', 'ห้องน้ำ', 'ครู', 'ท่าน', 'นี', 'ตักเตือน']",0.0

"['รายการ', 'อาหาร', 'เรียน', 'พิเศษ', 'เสาร์', 'คะเม', 'นู', 'ผัด', 'ม่า', 'โอเค', 'เส้น', 'ม่า', 'เส้น', 'ก๋วยเตี๋ยว', 'ดี']",0.0

"['ถนนข้าง', 'สนาม', 'กอล์ฟ', 'รถ', 'ดับ', 'เพลิง', 'ฉีด', 'ล้าง', 'ฝุ่น', 'ดิน', 'ดี', 'ลด', 'ฝุ่น', 'ละออง']",0.0

"['ฝาก', 'ดู', 'เรื่อง', 'ฝุ่น', 'ลาน', 'จอด', 'รถ', 'เด็ก', 'หน้าต่าง', 'ห้อง', 'เรียน', 'ลม', 'เวลา', 'รถ', 'ขับ', 'ฝุ่น', 'ปูน', 'ปลิว', 'ชัด']",0.0

"['วัดค่า', 'อาคาร', 'สอง', 'อาคาร', 'สี่', 'ติด', 'ลาน', 'จอด', 'ฝุ่น', 'ผบรห', 'ลอง', 'นั่ง', 'เรียน', 'เด็ก']",0.0

"['หา', 'ลด', 'ฝุ่น', 'ลาน', 'จอด', 'รถ', 'สงสาร', 'เด็ก', 'เดิน', 'กลัว', 'ฝุ่น', 'ปอด', 'พัง', 'ตอน', 'รู้', 'วอน', 'ท่าน', 'บริหาร', 'เดิน', 'ดิน', 'แก้', 'ปัญหา', 'เด็ก', 'ท่าน', 'คณะ', 'เดือดร้อน', 'ท่าน', 'อภิสิทธ์', 'ชนจอด', 'รร']",0.0

"['กับข้าว', 'เด็ก', 'เผ็ด', 'อิสลาม', 'ลูก', 'ทาน', 'อนุบาล', 'ตอน', 'ประถม', 'ปรับปรุง']",0.0

"['ฝาก', 'พิจารณา', 'รถ', 'ตู้', 'เรียน', 'นั่ง', 'แน่น', 'รู้สึก', 'กังวล']",0.0

"['หนังสือ', 'เรียน', '10', 'วิชา', 'หนัก', 'ลูกแบด', 'ไหว', 'บ่น', 'ปวด', 'เดิน', 'สะพาน', 'ลอย', 'หงาย', 'ตก', 'สะพาน', 'สงสาร', 'เด็ก']",0.0

"['ผลไม้', 'เด็ก', 'ทาน', 'เงาะ', 'เด็ก', 'ทาน', 'ปลอก', 'ปาก', 'กัด', 'อันตราย', 'ยา', 'ฆ่า', 'แมลง']",0.0

"['พิจารณา', 'เรื่อง', 'งาน', 'อาทิตย์', 'ครู', 'สะดวก', 'คลิป', 'เรียน', 'เรียน', 'จบ']",0.0

"['ขนม', 'ขาย', 'โรง', 'เรียน', 'ตอน', 'ทอด', 'ไส้กรอก', 'ลูก', 'ชิ้น', 'ขนม', 'เด็ก', 'สมควร', 'ทาน', 'ติดต่อ', 'เวลา', 'สังเกต', 'เทอม', 'ผลไม้', 'ขาย', 'ฝาก', 'พิจารณา', 'อาหาร', 'ประโยชน์', 'เด็ก']",0.0

"['อนุญาต', 'อาหาร', 'เด็ก', 'กลาง', 'ป1', 'ป6', 'อาหาร', 'เหมือน', 'แบ่ง', 'เหมาะสม', 'เด็ก', 'เด็ก', 'ปรับปรุง', 'โภชนาการ', 'อาหาร', 'ลูก', 'ชาย', 'คน', 'กิน', 'อร่อย', 'คน', 'อร่อย', 'กิน', 'เด็ก', 'หัวใจ', 'กิน', 'อาหาร', 'คุณภาพ', 'ใส่ใจ', 'รายละเอียด', 'ขอบคุณ']",0.0

"['แกงเขียว', 'หวาน', 'เด็ก', 'ทาน', 'ลูกต้อง', 'กิน', 'ข้าว', 'เปล่า', 'ไก่', 'จ่อ', '2', 'ชิ้น', 'ไส้', 'กรอก', '2', 'ชิ้น', 'ไข่', 'ต้ม', 'กิน', 'กิน', 'ไข่', 'ขาว', 'สงสาร', 'ลูก', 'ห่อ', 'ข้าว', 'กลัว', 'เหมือน', 'เพื่อน', 'เงิน', 'ดี', 'ระวัง', 'ปกครอง', 'ทน', 'ไหว', 'แอบ', 'ถ่าย', 'สื่อ', 'เหมือน', 'รร', 'อาย', 'ญาติพี่น้อง', 'ลูก', 'เรียน', 'งัย']",0.0

"['โรง', 'เรียน', 'เร่ง', 'เด็ก', 'เรียน', 'ปกครอง', 'คน', 'ประสาน', 'แจ้ง', 'รายละเอียด', 'ปัญหา', 'พิจารณา', 'โรง', 'เรียน', 'เร่ง', 'หา', 'ด่วน']",0.0

"['รร', 'เพิ่มเมนู', 'ปริมาณ', 'อาทิตย์', 'ลูกแจ้ง', 'ทาน', 'หมู', 'ก้อน', '1', 'ก้อน', 'ซุป', 'มาตรฐาน', 'รรระดับ', 'ไหว']",0.0

"['กระตุก', 'ค้าง', 'คุณภาพ', 'เสียง', 'ดี', 'ได้ยิน']",0.0

"['กระตุก', 'ค้าง', 'คุณภาพ', 'เสียง', 'ดี', 'ได้ยิน']",0.0

"['เด็ก', 'คน', 'ห้องน้ำ', 'สกปรก', 'กล้า', 'ห้องน้ำ', 'อั้น', 'ดี']",0.0

"['เด็ก', 'เรียน', 'หญิง', 'คู่', '20', 'บาท', '23', 'หลุด', 'ซื้อ', 'แย่', 'เหมือน', 'พิจารณา']",0.0

"['ฝน', 'ตก', 'ลูก', 'ลำบาก', 'ปรับปรุง', 'ลอง', 'รถ', 'ครู', 'จอด', 'เดิน', 'ลุย', 'ฝน']",0.0

"['เมนูแกง', 'สำหรับ', 'เด็ก', 'ประถม', 'ทาน']",0.0

"['เรียน', 'ปกติ', 'รถ', 'ปกติ', 'คน', 'ป้องกัน', 'ตัว', 'อยู่แล้ว', 'รถ', 'ติด', 'แย่', 'สิ', 'เรียน', 'หลัก', 'ร้อย', 'เรียน', 'พัน']",0.0

"['จอด', 'รถ', 'พิจารณา', 'เรื่อง', 'จอด', 'รถ', 'เต็ม', 'รูปแบบ', 'รถ', 'ติด']",0.0

"['คน', 'งาน', 'โรง', 'เรียน', 'ทำ', 'คน', 'ผปค', 'ทำ', 'รีบ', 'ทำ', 'ผปค']",0.0

"['นั่ง', 'ไช่', 'นั่ง', 'แน่น', 'สังเกตุ', 'อาทิต', 'ขอบคุณ', 'หวัง', 'กรุณา', 'พิจารณา']",0.0

"['ประตู', '3', 'โรง', 'เรียน', 'ประตู', '4', 'ประตู', '5', 'ระบาย', 'รถ', 'ลาน', 'จอด', 'รถ', 'เช้า', '600', '830', 'น', 'พิจารณา']",0.0

"['จัดสรร', 'เรื่อง', 'จอด', 'รถ', 'รูปแบบ', 'ชัดเจน', 'ตอน', 'เลิก', 'เรียน', 'ลำบาก', 'จอด', 'วน', 'ลูก', 'รอ', 'คน', 'สุดท้าย', 'ห้อง', 'เกรงใจ', 'คุณครู', 'รอ', 'คน']",0.0

"['ลูก', 'ตักรอบ', 'รอบ', 'สอง', 'แน่นอน', 'พิจารณา', 'ตักรอบ']",0.0

"['ประกาศ', 'สอบ', 'ตัง', 'จ่าย', 'งง']",0.0

"['น้ำ', 'ตก', 'หมู', 'ทำ', 'ตาราง', 'เด็ก', 'ไก่', 'ทอด', 'แย่']",0.0

"['ใบ', 'เกรด', 'ใบ', 'จบ', 'คะรร', 'แจก', 'เดือน', 'GPA', 'สาระ', 'ทำ', 'งาน', 'นร', 'กรอก', 'ข้อมูล', 'ทำ', 'ติด', 'มหาลัย', 'ล่ะ', 'รับผิดชอบ', 'ประกาศ', 'cpw', 'classroom', 'ห่วยสิ้นดี']",0.0

"['แกงเขียว', 'หวาน', 'เด็ก', 'ทาน', 'ลูกต้อง', 'กิน', 'ข้าว', 'เปล่า']",0.0

"['อนุญาต', 'อาหาร', 'เด็ก', 'กลาง', 'ป1', 'ป6', 'อาหาร', 'เหมือน', 'แบ่ง', 'เหมาะสม', 'เด็กเล็ก', 'เด็ก', 'ปรับปรุง', 'โภชนาการ', 'อาหาร']",0.0

"['ข้อมูล', 'กรุณา', 'พิจารณา', 'ขอบคุณ']",0.0

"['ขนม', 'ขาย', 'โรง', 'เรียน', 'ตอน', 'ทอด', 'ไส้กรอก', 'ลูก', 'ชิ้น', 'ขนม', 'เด็ก', 'สมควร', 'ทาน', 'ติดต่อ', 'เวลา']",0.0

"['เรื่อง', 'สะอาด', 'ห้องน้ำ', 'เด็ก', 'ประถม', 'รักษา', 'สะอาด', 'ห้องน้ำ', 'สกปรก', 'กลิ่น', 'ทำ', 'แหล่ง', 'เชื้อ', 'โรค', 'ห้องน้ำ', 'เด็ก', 'หญิง', 'เสี่ยง', 'ติด', 'เชื้อ']",0.0

"['เรื่อง', 'สะอาด', 'ห้องน้ำ', 'เด็ก', 'ประถม', 'รักษา', 'สะอาด', 'ห้องน้ำ', 'สกปรก', 'กลิ่น', 'ทำ', 'แหล่ง', 'เชื้อ', 'โรค', 'ห้องน้ำ', 'เด็ก', 'หญิง', 'เสี่ยง', 'ติด', 'เชื้อ']",0.0

"['เรื่อง', 'ห้องน้ำ', 'สกปรก', 'น้ำ', 'ดื่ม', 'ตรวจสอบ', 'เด็ก', 'ห้องน้ำ', 'ดื่ม', 'น้ำ', 'โรง', 'เรียน']",0.0

"['โรง', 'เรียน', 'เลือก', 'ตอบ', 'ถาม', 'หรอ', 'ถาม', 'เกี่ยว', 'โปรแกรม', 'ซูม', 'โรง', 'เรียน', 'ตอบ', 'แย่']",0.0

"['คืน', 'อาหาร', 'หรอ']",0.0

"['ปกครอง', 'สะดวกใจ', 'เรียน', 'ค่าย', 'พุทธบุตร']",0.0

"['โรง', 'เรียน', 'แก้', 'ชื่อ', 'โพสต์', 'อ่ะ', 'พิจารณา']",0.0

"['จอด', 'รถ', 'พิจารณา', 'เรื่อง', 'จอด', 'รถ']",0.0

"['รร', 'พิจารณา', 'เรื่อง', 'ขับ', 'รถ', 'วน', 'นร', 'รร']",0.0

"['รบกวน', 'ชี้', 'แจ้ง']",0.0

"['ลาน', 'จอด', 'ดิน', 'เด็ก', 'เดิน', 'ขับ', 'เบา', 'ฝุ่น']",0.0

"['ปริมาณ', 'อาทิตย์', 'ลูก', 'แจ้ง', 'ทาน', 'หมู', 'ก้อน', '1', 'ก้อน', 'ซุป', 'ไหว']",0.0

"['กระตุก', 'เล่น', 'หยุด']",0.0

"['กระตุก', 'ค้าง', 'คุณภาพ', 'เสียง', 'ดี', 'ได้ยิน']",0.0

"['กระตุก', 'link', 'ห่วย']",0.0

"['แย่', 'กกกกก']",0.0

"['รสชาติ', 'อาหาร', 'แย่', 'ไหว', 'เคลียร์']",0.0

"['เดือน', 'พัง', 'แย่']",0.0

"['ปรับปรุง', 'ด่วน']",0.0

"['เวลา', 'ทำ', 'เรื่อง', 'คืน', 'เงิน']",0.0

['รู้สึก'],0.0

['ไหว'],0.0

"['เพิ่มร้าน', 'อิสลาม', 'ดี']",0.0

"['ล่ม', 'เติม', 'เงิน', 'แอพ']",0.0

"['ห้อง', 'ปกติ', 'คืน', 'นิดเดียว', 'อย่า', 'คืน', 'เน็ต', 'ช่วยเหลือ', 'ระดับ', 'ชั้น', 'คน', 'กรณี', 'ห่วย']",0.0

"['มาตรา', 'เบื้อง', 'ต้น', 'ยะง', 'อังคาร', 'โรง', 'เรียน', 'งาน', 'ปัจฉิมนิเทศ', 'เสี่ยง', 'ติด', 'เชื้อ', 'โควิท', '19', 'ระบาด', 'เด็ก', 'กลัว', 'อันตราย', 'เด็ก']",0.0

"['รรควร', 'ป้องกัน', 'ห้าม', 'เด็ก', 'นร', 'บ้าน', 'เขต', 'เสี่ยง', 'งด', 'เรียน', 'เรียน', 'ออนไลน์', 'พิเศษ', 'ป้องกัน', 'ต้น']",0.0

"['โรงอาหาร', 'รร', 'กิน', 'เบื่อ']",0.0

"['ดื่ม', 'น้ำ', 'สะอาด', 'กิน', 'อยู๋', 'ตอน', 'เด็ก', 'รสชาติ', 'แปลก', 'ไหว']",0.0

"['คน', 'อาจารย์', 'ริม', 'ตัว', 'Greenscreen']",0.0

"['ภาพ', 'รู้สึก', 'ฟัง', 'แนะนำ', 'Close', 'ตอน', 'ผอ', 'ดี', 'ตอน', 'แช่']",0.0

"['มต้น', 'มปลาย', 'สลับ', 'เรียน']",0.0

"['เรื่อง', 'ชุด', 'จบ', 'เทอม']",0.0

"['คิวอาร์', 'โค้ด', 'แตก', 'แสกน']",0.0

"['เด็ก', 'งง', 'เรียน', 'เสี่ยง']",0.0

"['โรง', 'แรียน', 'นโยบาย', 'เรียน', 'คู่', 'คี่', 'เด็ก', 'อันตราย', 'เสี่ยง']",0.0

"['ลูก', 'ห้อง', 'เรียน', 'ออนไลน์', 'ตัว', 'ลิ้ง', 'เตรียม']",0.0

"['ร้อน', 'กะ', 'ร้อน', 'น', 'ฝุ่น', 'กะเยอะ', 'โอ๊ยยยฟรุ๊ดฟริ๊ดดโว้ยยย']",0.0

"['รถ', 'ดับ', 'เพลิง', 'ฉีด', 'ล้าง', 'ฝุ่น', 'ดิน', 'ดี']",0.0

"['ตอน', 'บริหารจัดการ', 'เรื่อง', 'จราจร', 'เย็น', 'รถ', 'ติด', 'ขนาด', 'ลอง', 'ยืน', 'ดู', 'ติด', 'ยัน', 'ปากเกร็ด']",0.0

"['รถ', 'ติด', 'หนัก', 'แก้', 'ปัญหา', 'วิธี', 'ง่อย', 'แย่']",0.0

"['ราคา', 'เทอม', 'epแพง', 'ธรรมดา']",0.0

"['โรง', 'เรียน', 'ตัดสินใจ', 'ดี']",0.0

"['เด็ก', 'เดิน', 'ดี', 'ลด', 'เวลา', 'ประตู', '1', 'ลาน', 'จอด', 'รถ', 'สิบ', 'นาที']",0.0

"['กลาย', 'รร', 'รถ', 'กี่', 'พัน', 'คัน', 'ห่วย']",0.0

"['วน', 'เหมือน', 'เดิม']",0.0

"['ห้องน้ำ', 'สกปรก', 'รบกวน', 'ตรวจ']",0.0

"['รถ', 'ติด', 'กระทบ', 'แก้', 'ปัญหา', 'จุด']",0.0

"['ปัญญาอ่อน', 'ขนาด', 'ฝน', 'ตก', 'รอ', 'สั่ง']",0.0

"['จราจร', 'อัมพาต', 'หาง', 'แถว', 'เส้นทาง', 'รรควร', 'พิจารณา']",0.0

"['กระทบ', 'วง', 'ผปค', 'รร', 'ปัญหา']",0.0

"['ตอน', 'เลิก', 'เรียน', 'ลำบาก', 'จอด', 'วน']",0.0

"['รปภต้อง', 'เข้มงวด', 'คน', 'บ่น', 'โรง', 'เรียน', 'ทำ', 'รถ', 'ติด']",0.0

"['ห้าม', 'รถ', 'ชนิด', 'รร', 'ดี', 'ครู', 'จบ']",0.0

"['ปี', 'หน้า', 'บริหาร', 'แย่', 'ผม', 'ลูกย้าย', 'โรง', 'เรียน', 'ดี']",0.0

"['อย่า', 'นั่ง', 'ห้อง', 'แอร์', 'ปกครอง', 'คน', 'เค้า', 'เบื่อ', 'ท่าน', 'เต็ม', 'ทน']",0.0

"['ปัญหา', 'ปัญหา', 'แก้', 'รับฟัง', 'เสียง', 'ผปค', 'หา', 'เงิน', 'รร']",0.0

"['ปัญหา', 'ปกครอง', 'หรอก', 'ปัญหา', 'ท่าน', 'เพิกเฉย', 'เอาเปรียบ']",0.0

"['ครู', 'อาจารณ์', 'เชิญ', 'จอด', 'รถ', 'ลาน', 'จอด', 'ฝน', 'ตก', 'ตอน', 'เช้า', 'ตอน', 'เย็น', 'รู้', 'ปัญหา', 'ผปค', 'เรียน']",0.0

"['รบกวน', '1600', 'เหมือน', 'เดิม', 'รถ', 'ปกครอง', 'ตัว', 'ล็อค', 'ล้อ', 'จ่าย', 'เสียหาย', 'งั้น', 'รถ', 'สา']",0.0

"['ตัว', 'คน', 'ทำ', 'คน', 'เคารพ', 'กติกา', 'ปัญหา', 'รู้จัก', 'กฏ', 'กติกา', 'สอน', 'ลูก', 'สอน', 'หลาน', 'ล่ะ']",0.0

"['หา', 'แก้', 'ปัญหา', 'ดี', 'วาน', 'ผม', 'ติด', 'ลาน', 'จอด', 'รถ', '2', 'ชั่วโมง', 'ผม', 'แถว', '10', 'ปี', 'เจอ', 'รถ', 'ติด', 'ขนาด']",0.0

"['ลูก', 'ชาย', 'คน', 'กิน', 'อร่อย', 'คน', 'อร่อย', 'กิน']",0.0

"['ผม', 'เลือก', 'ลูก', 'เรียน', 'เอกชนสู้', 'เทอม', 'ศึกษา', 'สภาพ', 'แวดล้อม', 'ดี', 'เจอ', 'ตอน', 'คุ้ม', 'ใช้จ่าย', 'เผม']",0.0

"['แก้', 'ปัญหา', 'ปัญหา', 'จบ', 'สะสม', 'ลุกลาม', 'บาน', 'ปลาย', 'คับ']",0.0

"['อนุญาต', 'ตอน', 'ดิฉัน', 'คน', 'กระทบ', 'เช้า', 'จราจร', 'ติดขัด', 'การเรียนการสอน', 'เต็ม', 'ระบบ']",0.0

"['ทำ', 'รร', 'กรุณา', 'พิจารณา', 'ประกาศ']",0.0

"['แก้', 'ประตู', 'ตอน', 'เช้า', 'ติด', 'หนัก', 'หน้า', 'รร', 'ป้องกัน']",0.0

"['จราจร', 'อัมพาต', 'หาง', 'แถว', 'เส้นทาง', 'หน้า', 'รร', 'โล่ง', 'เชียว', 'รรควร', 'พิจารณา', 'กระทบ', 'วง', 'ผปค', 'รร']",0.0

"['คน', 'เรียน', 'เสริม', 'ลำบาก', 'เหมือน', 'เดิม', 'ไหม', 'รอ', 'ประตู', '5', 'เวลา', '1700', 'นมัน', 'ไหม', 'รร', 'เวลา', 'เห็นใจ']",0.0

"['กรวย', 'บังคับ', 'ประตู', '4', 'ยาม', 'โบก', 'เหมือน', 'เดิม', 'ผปค', 'ประตู', '4', 'ตอน', '4', 'โมง', 'อะคะ']",0.0

"['โรง', 'เรียน', 'สมควร', 'ทำ', 'รถ', 'แอบ', 'จอด', 'ปัญหา', 'รปภ', 'เจ้าหน้าที่', 'ตรวจสอบ', 'เข้มข้น', 'กระทบ', 'ปกครอง', 'จำนวน']",0.0

"['ปกครอง', 'ทำ', 'กฎ', '1', 'ท่าน', 'โรง', 'เรียน', 'ตัดสิน', 'ท่าน', 'ปัญหา', 'รถ', 'ตืด', 'ชั่วโมง', 'รอบ', 'โรง', 'เรียน', 'วิธี', 'แก้', 'ปล่อย', 'ภาระ', 'ปกครอง']",0.0

"['งาน', 'ยอดแย่', '832', 'ปกครอง', 'วุ่นวาย', 'วน', 'จอด', 'รถ', 'เดิน', 'ลูก', 'ยอด', 'มัย', 'รถ', 'ติด', 'แออัด', 'สะสม', 'ยัน', 'สะพานพระราม4จร้า']",0.0

"['เวลา', 'รรเปิด', 'ระดับ', 'ชั้น', '89', 'กย', 'รร', 'สอบ', 'เรียน', 'มปลาย', 'มต้น', 'สลับ', 'เต็ม', 'รูปแบบ', 'รถ', 'ติด', 'รรชลประทาน', 'เรียน', 'เต็ม', 'ระดับ', 'ชั้น', 'พิจารณา', 'ทำ']",0.0

"['เวลา', 'ติด', 'ลาน', 'จอด', 'รถ', 'ขยับ', 'เวลา']",0.0

"['รบกวน', 'รร', 'ใส่ใจ', 'ปัญหา', 'ลาม', 'เรื่อง', 'ปรับปรุง', 'แนวทาง', 'จราจร', 'รร', 'เวิร์ค', 'ปรับปรุง']",0.0

"['แย่', 'บ้าน', 'ซ', 'รรอัมพรไพศาล', 'บ้าน', '600', 'น', 'ลูก', 'เรียน', 'เสริม', 'เช้า', '730', 'นยัง', 'สาย']",0.0

"['ตอน', 'เย็น', 'ผปค', 'ตัว', 'จอด', 'รถ', 'หน้า', 'รถ', 'จอด', 'ช่อง', 'ใส่', 'เกียร์', 'ว่าง', 'รอ', 'จอด', '2', 'รถ', 'วิ่ง', 'ลำบาก']",0.0

"['เทอม', 'โต๊ะ', 'เรียน', 'ปรับปรุง', 'เก่า']",0.0

"['อ้าง', 'ฝุ่น', 'เพาะ', 'ตึก', 'เรียน', 'ลาน', 'จอด', 'รถ', 'เด็ก', 'กิน', 'ฝุ่น', 'เต็ม']",0.0

"['ห้อง', 'เรียน', 'ห้องน้ำ', 'ภาชนะ', 'ใส่', 'อาหาร', 'เด็ก', 'บริหาร', 'ดูแล', 'เอาใจใส่', 'เรื่อง', 'มั่ง', 'ยอด', 'แย่']",0.0

"['รถ', 'ปกครอง', 'เด็ก']",0.0

"['ตอน', 'เดือดร้อน', 'ลูก', 'เรียน', 'อนุบาล', '2', 'ป', '1', 'วน', 'รถ', 'หา', 'จอด', 'รร', 'เวลา', 'ชั่วโมง']",0.0

"['รรปรับปรุง', 'เรื่อง', 'จอด', 'รถ', 'ทำ', 'เหตุการณ์', 'รถ', 'ติด', 'ดี', 'โวยวาย', 'ทน', 'เป็นอยู่']",0.0

"['รถ', 'ติด', 'สมควร', 'ประตู', '4', 'ติด', 'เช้า', 'เย็น', 'ปกครอง', 'รถ', 'ทั่วไป', 'พลอย', 'ติด', 'ระบาย', 'รถ', 'บริหาร', 'ดู', 'แย่']",0.0

"['ลาน', 'จอด', 'รถ', 'พิจารณา']",0.0

"['รร', 'ทำ', 'มาตรการ', 'เด็ดขาด', 'จอด', 'ขับ']",0.0

"['สงสาร', 'เด็ก', 'เดิน', 'ปกครอง', 'ตอน', 'เช้า', 'รีบ', 'ทำ', 'งาน']",0.0

"['คน', 'ปฎิบัติ', 'กฎ', 'ระเบียบ', 'โรง', 'เรียน', 'วาง', 'วุ่นวาย', 'คน', 'ตัว', 'สะดวกสบาย', 'ตัว', 'ทำ', 'วุ่นวาย', 'ยุ่งยาก', 'รอบ']",0.0

"['จัดยาม', 'รรมา', 'โบก', 'รถ', 'ซอย', 'ต้นสน', 'รรหน่อย', 'รถ', 'ติด', 'แย่ง', 'แย่ง', 'ทำ', 'ทำ', 'งาน', 'รร']",0.0

"['ทำ', 'รร', 'กรุณา', 'พิจารณา', 'ประกาศ', 'ตัว', 'คน', 'สร้าง', 'ปัญหา', 'คน']",0.0

"['ทำ', 'รร', 'กรุณา', 'พิจารณา', 'ประกาศ', 'ตัว', 'คน', 'สร้าง', 'ปัญหา', 'คน']",0.0

"['ฝาก', 'พิจารณา', 'รถ', 'ตู้', 'เรียน', 'เรียน', 'เต็ม', 'รถ', 'ตู้', 'แน่น']",0.0

"['รถ', 'ติด', 'เช้า', 'เย็น', 'รร', 'วิธี', 'รีบ']",0.0

"['จราจร', 'หน้า', 'รรติด', 'ขัด', 'เกรงใจ', 'ถนน', 'คน']",0.0

"['ปัญญา', 'ปัญหา', 'สอน', 'เด็ก']",0.0

"['ติด', 'โครต', 'พัฒนา']",0.0

"['วาน', 'ลูก', 'เปียก', 'คะนั่ง', 'หนาว', 'รถ', 'ตู้', 'บ้าน', 'เค้า', 'ร่ม', 'เสื้อ', 'ฝน', 'เด็ก', 'เปียก', 'หนัย', 'วน', 'รถ', 'ท้อ', 'ปรับปรุง']",0.0

"['ขับ', 'รถ', 'วน', 'เรียน', 'แย่', 'นักหนา', 'ดู', 'หน้า', 'รร', 'รถ', 'ติด']",0.0

"['ติด', 'หนัก', 'ไหว', 'ติด', 'เช้า', 'เย็น', 'เห็นใจ', 'ผป', 'คบ้าง']",0.0

"['ปรับปรุง', 'แก้', 'ไข้', 'อ', 'ลุ้มอร่วย', 'กรณี', 'ฝน', 'ฟ้า', 'ตก', 'ฝาก', 'คับ']",0.0

"['เจอ', 'ปัญหา', 'รถ', 'ติด', 'ทน', 'น้ำ', 'ท่วม', 'รรขนาด', 'บาย', 'สงสาร', 'ลูก', 'เดิน', 'ลุย', 'น้ำ', 'เรียน', 'ไหว']",0.0

"['แย่', 'รถ', 'รถ', 'ติด', 'รถ', 'ผปค', 'รอ', 'เลี้ยว', 'ซอย', 'สนามกอล์ฟ', 'แทน', 'ประตู', 'วัด']",0.0

"['จอด', 'รถ', 'ทำ', 'แน่นอน', 'ติดสนั่น', 'อำเภอปากเกร็ด', 'แน่', 'พิจารณา']",0.0

"['ห้อง', 'แอร์รอ', 'เงิน', 'ดู', 'สัก']",0.0

"['อย่า', 'นั่ง', 'ห้อง', 'แอร์', 'ปกครอง', 'คน', 'เค้า', 'เบื่อ', 'ท่าน', 'เต็ม', 'ทน']",0.0

"['รถ', 'ติด', 'คอ', 'ขวด', 'บริหารจัดการ', 'แย่']",0.0

"['กระทบ', 'เช้า', 'ปัญหา']",0.0

"['ปรับเปลี่ยน', 'เวลา', 'ทำ', 'งาน', 'เลี่ยง', 'จราจร', 'กระทบ', 'เหมือน', 'เดิม', 'รร', 'จราจร']",0.0

"['ผปค', 'คน', 'วิ่ง', 'ย้อนทาง', 'ทำ', 'รถ', 'คัน', 'ติด', 'จอด', 'คว', 'ปรับปรุง', 'รการ', 'จราจร', 'นิสัย', 'ปกครอง']",0.0

"['ปกครอง', 'คน', 'ตัว', 'เตรียม', 'ตัว', 'พร้อง', 'ลงลืม', 'ลืม', 'กระเป๋า', 'รองเท้า', 'จอด', 'รอ', 'ลูก', 'ซื้อ', 'ห้อง', 'สหกรณ์', 'รถ', 'ติด']",0.0

"['รรควร', 'พิจารณา', 'กระทบ', 'วง', 'ผปค', 'รร']",0.0

"['ดีจัง', 'ลูก', 'ย้าย', 'เรียน', 'หอ', 'วังนนท์', 'อ่าน', 'เหมือน', 'ย้อนกลับ', 'ทน', '6', 'ปี', 'ปัญหา']",0.0

"['รบกวน', '1600', 'เหมือน', 'เดิม', 'รถ', 'ปกครอง', 'ตัว', 'ล็อค', 'ล้อ', 'จ่าย', 'เสียหาย', 'งั้น', 'รถ', 'สาหัส']",0.0

"['ตัว', 'คน', 'ทำ', 'คน', 'เคารพ', 'กติกา', 'ปัญหา', 'แย่']",0.0

"['วาน', 'ผม', 'ติด', 'ลาน', 'จอด', 'รถ', '3', 'ชั่วโมง', 'หา', 'แก้', 'ปัญหา']",0.0

"['ห้าม', 'รถ', 'จอด', 'โรง', 'เรียน', 'ผม', 'คับ', 'ห้าม', 'ปัญหา', 'หา', 'วิธี', 'แก้']",0.0

"['เพจ', 'โรง', 'เรียนเลี่ยง', 'ตอบ', 'ถาม', 'ปกครอง', 'ผม', 'นั่ง', 'ดู', 'ย้อนหลัง', 'ตอบ', 'ปัญหา', 'สอบถาม', 'เรื่อง', 'จราจร', 'ห่วย', 'บบ']",0.0

"['ช่อง', 'ประตู', 'ปกครอง', 'เดิน']",0.0

"['ครู', 'ใส่', 'รองเท้า', 'เดิน', 'เหยียบพื้น', 'เด็ก', 'อนุบาล', '1', 'นั่ง', 'พื้น', 'กิน', 'กล้วย', 'รบกวน', 'รร', 'พิจารณา', 'เรื่อง', 'สะอาด', 'เด็ก']",0.0

"['เด็ก', 'คน', 'ชอบ', 'มักกะโรนี', 'แทน']",0.0

"['ปรับปรุง', 'เรื่อง', 'รสชาติ', 'ค', 'ต้ม', 'จืด', 'จืด']",0.0

"['หมู', 'ชิ้น', 'พิจารณา', 'ปรับปรุง']",0.0

"['หวัง', 'ปรับปรุง', 'เรื่อง', 'รสชาติ', 'ปริมาณ', 'เหมาะสม']",0.0

"['เด็ก', 'แบก', 'กระเป๋า', 'หนัก', 'เดิน', 'ฝาก', 'ปัญหา', 'บริหาร']",0.0

"['จยย', 'ขับ', 'เด็ก', 'เดิน', 'หลบ', 'รถ', 'อันตราย']",0.0

"['กับข้าว', 'ลูก', 'อิสลาม', 'ปรับปรุง']",0.0

"['หา', 'ลด', 'ฝุ่น', 'ลาน', 'จอด', 'รถ', 'สงสาร', 'เด็ก']",0.0

"['ลาน', 'จอด', 'ฝุ่น']",0.0

"['ฝาก', 'ดู', 'เรื่อง', 'ฝุ่น', 'ลาน', 'จอด', 'รถ', 'สงสาร', 'สุขภาพ', 'ลูก']",0.0

"['ถนนข้าง', 'สนาม', 'กอล์ฟ', 'ฝุ่น', 'ฝุ่น', 'ด่วน']",0.0

"['ฝุ่น', 'ปูน', 'ลอย', 'หน้าต่าง', 'เด็ก', 'นั่ง', 'สงสาร', 'เด็ก']",0.0

"['โรง', 'เรียน', 'ศักยภาพ', 'จัดสรร', 'ระบบ', 'จอด', 'รถ', 'จราจร', 'รถ', 'ปกครอง', 'เด็ก']",0.0

"['อิดออด', 'คืน', 'เงิน', 'คำนวน', 'แย่']",0.0

"['เพจ', 'โรง', 'เรียนเลี่ยง', 'ตอบ', 'ถาม', 'ปกครอง', 'ผม', 'นั่ง', 'ดู', 'ย้อนหลัง', 'ตอบ', 'ปัญหา', 'สอบถาม', 'เรื่อง', 'จราจร', 'แก้', 'ปัญหา', 'ปัญหา', 'จบ', 'สะสม', 'ลุกลาม', 'บาน', 'ปลาย', 'คับ']",0.0

"['รร', 'ปรับปรุง', 'เรื่อง', 'จอด', 'รถ', 'ทำ', 'เหตุการณ์', 'รถ', 'ติด', 'ดี', 'โวยวาย', 'ทน', 'เป็นอยู่', 'หา', 'รร', 'ลูก', 'ตอน', 'สุขภาพ', 'จิต']",0.0

"['ดู', 'เด็ก', 'ม', '6', 'รุ่น', 'เดือดร้อน']",0.0

"['รบกวน', 'ชี้', 'แจ้ง']",0.0

"['ก๋วยเตี๋ยว', 'หมู', 'น้ำ', 'ตก', 'หมู']",0.0

"['แกง', 'คั่ว', 'ฟักทอง', 'เด็ก', 'ชอบ', 'แกง']",0.0

"['ยำ', 'หมู', 'ยอลด', 'เผ็ด', 'หนูทาน']",0.0

"['แอปเปิ้ล', 'ช้ำ', 'ปรังปรุง']",0.0

"['ทอด', 'กก', 'ลูก', 'กิน', 'ปรังปรุง', 'ด่วน']",0.0

"['ประชาชน', 'ผปค', 'ด่า', 'บริหาร', 'ดู', 'ปัญหา']",0.0

"['แกง', 'ขั่วฟัก', 'เขียว', 'ชื่อ', 'เด็ก', 'ทาน', 'เด็ก', 'เบื่อ', 'แกง']",0.0

"['ปริมาณ', 'ข้าว', 'สวย', 'ลูกทาน', 'อิ่ม']",0.0

"['ไข่', 'เจียว', 'จืด', 'ปรังปรุง', 'รส', 'ชาติ', 'ดี', 'ครู']",0.0

"['ข้าว', 'ผัด', 'กุนเชียง', 'กุนเชียงได้', 'ปรังปรุง', 'รอบ']",0.0

"['ก๋วยเตี๋ยว', 'เส้น', 'หมี่', 'บะหมี่', 'เรื่อง']",0.0

"['ก๋วยเตี๋ยว', 'เส้น', 'หมี่', 'ลอง', 'กิน', 'รู้', 'เบื่อ']",0.0

"['ห้องน้ำ', 'สกปรก', 'ตรวจ']",0.0

"['รบกวน', 'ชี้แจ้ง', 'เรื่อง', 'คืน', 'เทอม']",0.0

"['ห้องน้ำ', 'สกปรก', 'เหมือน', 'เดิม']",0.0

"['ตอน', 'เลิก', 'เรียน', 'ลำบาก', 'จอด']",0.0

"['ต้ม', 'จืด', 'ลูก', 'จืด', 'สม', 'ชื่อ', 'พิจาณา']",0.0

"['ปรับปรุง', 'เรื่อง', 'จอด', 'รถ', 'ตอน', 'สุขภาพ', 'จิต']",0.0

"['โรง', 'อาหาร', 'หนู', 'สกปรก', 'ด่วน']",0.0

"['จัดสรร', 'เรื่อง', 'จอด', 'รถ', 'รูปแบบ', 'ชัดเจน', 'ไหว']",0.0

"['ภาพ', 'กิจกรรม', 'สอน', 'เสริม', 'เสาร์', 'เทควัน', 'โด', 'สวย']",1.0

"['ขอบคุณ', 'สำหรับ', 'อาหาร', 'เด็ก', 'อนุบาล', 'ใส่', 'พริกแกง']",1.0

"['โรงเรียน', 'update', 'ข่าว', 'สาร', 'ทันใจ', 'ปกครอง', 'ยอด']",1.0

"['เด็ก', 'รู้', 'สนุกสนาน', 'แถม', 'กระชับ', 'มิตร', 'เพื่อน', 'ดี']",1.0

"['เพจ', 'เหมือน', 'ปกติ', 'เย้']",1.0

"['เด็ก', 'ดี', 'ชื่นชม', 'กำลังใจ', 'ยอด']",1.0

"['ชื่นชม', 'วินัย', 'บากบั่น', 'ฝึกซ้อม', 'รางวัล', 'ประสพ', 'สำเร็จ', 'ยินดี']",1.0

"['เด็ก', 'เก่ง']",1.0

"['ขอบคุณ', 'ตอบ', 'ถาม', 'แม่', 'ผปคมี', 'ทบ', 'เช้า', 'เย็น', 'คุณครู', 'ตอน', 'เช้าวน', 'รอ', 'รถ']",1.0

"['ขอบคุณ', 'รร', 'เห็นใจ', 'รร', 'เงิน', 'บริหารจัด', 'บุคคลากร', 'รร', 'รร', 'รอด', 'รรเอกชน']",1.0

"['อาหาร', 'ลูก', 'อร่อย', 'ถุกปาก', 'ปากวัน', 'ถุก', 'ปาก', 'สลับ', 'คน', 'ชอบ', 'เหมือน', 'กีน', 'ดี']",1.0

"['สถานการณ์', 'บริหาร', 'เรื่อง', 'กำลังใจ', 'สู้']",1.0

"['ขอบคุณ', 'ดูแล', 'ลูก', 'โควิด', 'พ่อแม่', 'ทำ', 'งาน', 'บ้าน', 'คน', 'โรง', 'เรียน', 'แบ่งเบา', 'ภาระ']",1.0

"['ขอบคุณ', 'สำหรับ', 'ทำ', 'คลิป', 'ภาพ', 'สวย', 'เสียง', 'ชัด', 'ครู', 'ทีม', 'เหนื่อย', 'ตั้งใจ']",1.0

"['CPW', 'Classroom', 'ดู', 'สะดวก', 'ขอบคุณ']",1.0

"['ขอบคุณ', 'แอด', 'มิน', 'ประสาน', 'งาน', 'ดี']",1.0

"['ขอบคุณ', 'รับฟัง', 'ปกครอง', 'มั่นใจ', 'สบายใจ', 'ผัด', 'ลูก', 'ชิ้น', 'หมู', 'ไก่', 'เยี่ยมคะ']",1.0

"['ขอบคุณ', 'รับฟัง', 'ปกครอง', 'มั่นใจ', 'สบายใจ', 'ผัด', 'ลูก', 'ชิ้น', 'หมู', 'ไก่', 'เยี่ยมคะ']",1.0

"['ขอบคุณ', 'รร', 'รับฟัง', 'ติชม', 'ผปค', 'ท่าน', 'ปรับเปลี่ยน', 'เมนู', 'สอดคล้อง', 'เด็ก', 'ประถม']",1.0

"['เรียน', 'ออนไลน์', 'เรียน', 'เกรด', 'ดี']",1.0

"['แก้', 'ปัญหา', 'สู้', 'กำลังใจ']",1.0

"['ขอบคุณ', 'เรียน', 'จิตอาสา', 'โรง', 'เรียน', 'ทำ', 'สะอาด', 'วัด']",1.0

"['คลิป', 'แนะนำ', 'คอร์สเรียน', 'ว่าย', 'น้ำ', 'โรง', 'เรียน', 'ทำ', 'ดี']",1.0

"['ขอบคุณ', 'ลูก', 'เค้า', 'ดู']",1.0

"['หลาน', 'ข้าวหมู', 'แดง', 'วาน', 'อร่อย', 'ชอบ', 'อาหาร', 'รร']",1.0

"['ชื่นชม', 'กิจกรรม', 'ดี', 'ชลประทาน', '…', 'กำลังใจ', 'ทีม', 'งาน', 'ท่าน', 'สู้']",1.0

"['ชื่นชม', 'กิจกรรม', 'ดี', 'ชลประทาน', '…', 'กำลังใจ', 'ทีม', 'งาน', 'ท่าน', 'สู้']",1.0

"['บ่าย', 'ดู', 'ปกติ', 'ขอบคุณ']",1.0

"['ขอบคุณ', 'ผอ', 'ผอ', 'ดูแล', 'เด็ก', 'ข้าม', 'ถนน']",1.0

"['เช้า', 'ท่าน', 'ผอ', 'ยืน', 'เด็ก', 'ไฟแดง', 'ท่าน', 'รัก']",1.0

"['ยินดี', 'แด่', 'ครู', 'ท่าน']",1.0

"['เยี่ยม', 'คน', 'รุ่น', 'คน', 'รร', 'สร้าง', 'ฝัน', 'ดูแล', 'ชลประทาน']",1.0

"['เยี่ยม', 'คน', 'รุ่น', 'คน', 'รร', 'สร้าง', 'ฝัน', 'ดูแล', 'ชลประทาน']",1.0

"['ศิษย์', 'เก่ง', 'ครู', 'เก่ง', 'ชื่นชม']",1.0

"['ยินดี', 'ครู', 'เหมาะสม']",1.0

"['ขอบคุณ', 'คุณครู', 'บุคลากร', 'รรทุก', 'ท่าน', 'คอย', 'ดูแล', 'เอาใจใส่', 'นร']",1.0

"['ชอบ', 'คะโรง', 'เรียน', 'ติดต่อ', 'ลูก', 'เรียน', 'ตอน', 'ม', '4', 'เจ้าหน้าที่', 'พูดจา', 'ดี']",1.0

"['ชอบ', 'คะโรง', 'เรียน', 'ติดต่อ', 'ลูก', 'เรียน', 'ตอน', 'ม', '4', 'เจ้าหน้าที่', 'พูดจา', 'ดี']",1.0

"['ขอบคุณ', 'ขอบคุณ']",1.0

"['ขอบคุณ', 'โรงเรียนชลประทานวิทยา', 'อาจารย์', 'ท่าน', 'ให้การ', 'สนับสนุน', 'หนู', 'เวลา', 'เรียน', 'เวลา', 'ซ้อม']",1.0

"['ขอบคุณ', 'ตอบ', 'ถาม', 'แม่', 'สบายใจ']",1.0

"['ขอบคุณ', 'ปริมาณ', 'อาหาร', 'เด็ก', 'ขอบคุณ']",1.0

"['ขอบคุณ', 'ปริมาณ', 'อาหาร', 'เด็ก', 'ขอบคุณ']",1.0

"['ลูก', 'อาหาร', 'อร่อย', 'ปริมาณ', 'อาหาร', 'ดี']",1.0

"['ลูก', 'อาหาร', 'อร่อย', 'ปริมาณ', 'อาหาร', 'ดี']",1.0

"['แกงเขียว', 'หวาน', 'อร่อย', 'ลูก', 'ติดใจ', 'ใก้', 'ทำ']",1.0

"['จรจาร', 'โรง', 'เรียน', 'ไหล', 'ลื่น', 'ขอบคุณ', 'รปภ']",1.0

"['ต้ม', 'เลือด', 'หมู', 'เครื่องแน่', 'ลูก', 'กิน', 'อิ่ม', 'อร่อย']",1.0

"['ขา', 'รถ', 'ติด', 'ขอบคุณ', 'รร']",1.0

"['อาหาร', 'อร่อย', 'ขอบคุณ', 'โภชนาการ', 'รร', 'ลย']",1.0

"['อาหาร', 'อร่อย', 'ขอบคุณ', 'โภชนาการ', 'รร', 'ลย']",1.0

"['ขอบคุณ', 'ลด', 'ปริมาณ', 'พริก', 'ขอบคุณ']",1.0

"['ขอบคุณ', 'ลด', 'ปริมาณ', 'พริก', 'ขอบคุณ']",1.0

"['ศิษย์', 'เก่ง', 'ครู', 'เก่ง', 'ชื่นชม']",1.0

"['เป๊ะ', 'ยอด', 'เด็ก', 'เก่ง']",1.0

"['เป๊ะ', 'ยอด', 'เด็ก', 'เก่ง']",1.0

"['อาหาร', 'หลัก', 'โภชนาการ', 'ชื่นชม']",1.0

"['ขอบคุณ', 'ฝาก']",1.0

"['สวยงาม', 'สวมใส่']",1.0

['สวยงาม'],1.0

['ขอบคุณ'],1.0

"['เว็บ', 'รรออก', 'สวย']",1.0

['thank'],1.0

['Thank'],1.0

['good'],1.0

"['เมนู', 'อร่อย']",1.0

"['ครู', 'ดูแล', 'ดี']",1.0

"['ครู', 'ดูแล', 'ดี']",1.0

"['well', 'done']",1.0

"['well', 'done']",1.0

"['เว็บ', 'รรออก', 'สวย']",1.0

['thank'],1.0

['Thank'],1.0

['good'],1.0

['ขอบคุณ'],1.0

['Thank'],1.0

['thank'],1.0

['Good'],1.0

"['Good', 'job']",1.0

['Congratulations'],1.0

['congratulations'],1.0

['Fantastic'],1.0

['Congratulations'],1.0

['congratulations'],1.0

['Fantastic'],1.0

['ยินดี'],1.0

['Thank'],1.0

['thank'],1.0

['Good'],1.0

"['Good', 'job']",1.0

['Congratulation'],1.0

['congratulation'],1.0

['fantastic'],1.0

"['well', 'done']",1.0

"['well', 'done']",1.0

['Thank'],1.0

['thank'],1.0

['Good'],1.0

"['ตอน', 'ลูก', 'สาว', 'ปฐมวัย', 'ดูแล', 'เอาใจใส่', 'ครูเจี้ยบ', 'ครูไพลิน', 'เกษียณ', 'ครูจอย', 'ครูวีณา', 'ลูก', 'สาว', 'ดื้อ', 'กลาง', 'นอน', 'ครูวีณา', 'คอย', 'เล่น', 'ขอบคุณ', 'ตอน', 'ประถม', '316', 'ครู', '3', 'ท่าน', 'เสมอ']",1.0

"['ตอน', 'ลูก', 'สาว', 'ปฐมวัย', 'ดูแล', 'เอาใจใส่', 'ครูเจี้ยบ', 'ครูไพลิน', 'เกษียณ', 'ครูจอย', 'ครูวีณา', 'ลูก', 'สาว', 'ดื้อ', 'กลาง', 'นอน', 'ครูวีณา', 'คอย', 'เล่น', 'ขอบคุณ', 'ตอน', 'ประถม', '316', 'ครู', '3', 'ท่าน', 'เสมอ']",1.0

"['ภูมิใจ', 'เสมอ', 'ตัว', 'ศิษย์', 'โรง', 'เรียน']",1.0

"['สถานการณ์', 'บริหาร', 'เรื่อง', 'กำลังใจ', 'สู้']",1.0

"['ขอบคุณ', 'ดูแล', 'ลูก', 'โควิด', 'พ่อแม่', 'ทำ', 'งาน', 'บ้าน', 'คน', 'โรง', 'เรียน', 'แบ่งเบา', 'ภาระ']",1.0

"['ขอบคุณ', 'ดูแล', 'ลูก', 'โควิด', 'พ่อแม่', 'ทำ', 'งาน', 'บ้าน', 'คน', 'โรง', 'เรียน', 'แบ่งเบา', 'ภาระ']",1.0

"['CPW', 'Classroom', 'ดู', 'สะดวก', 'ขอบคุณ']",1.0

"['ขอบคุณ', 'แอด', 'มิน', 'ประสาน', 'งาน', 'ดี']",1.0

"['ขอบคุณ', 'แอด', 'มิน', 'ประสาน', 'งาน', 'ดี']",1.0

"['ขอบคุณ', 'รับฟัง', 'ปกครอง', 'มั่นใจ', 'สบายใจ', 'ผัด', 'ลูก', 'ชิ้น', 'หมู', 'ไก่', 'เยี่ยมคะ']",1.0

"['เดินทาง', 'โดยสวัสดิภาพ', 'คณะ', 'ครู', 'เรียน', 'ท่าน', 'เทพเทวดา', 'เจ้า', 'เจ้าทาง', 'สะดวกสบาย', 'ราบรื่น']",1.0

"['เดินทาง', 'โดยสวัสดิภาพ', 'คณะ', 'ครู', 'เรียน', 'ท่าน', 'เทพเทวดา', 'เจ้า', 'เจ้าทาง', 'สะดวกสบาย', 'ราบรื่น']",1.0

"['ขอบคุณ', 'เรียน', 'จิตอาสา', 'โรง', 'เรียน', 'ทำ', 'สะอาด', 'วัด']",1.0

"['ขอบคุณ', 'รับฟัง']",1.0

"['รายการ', 'อาหาร', 'ดี']",1.0

"['หลาน', 'ข้าวหมู', 'แดง', 'วาน', 'อร่อย', 'ชอบ', 'อาหาร', 'รร']",1.0

"['หลาน', 'ข้าวหมู', 'แดง', 'วาน', 'อร่อย', 'ชอบ', 'อาหาร', 'รร']",1.0

"['คลิป', 'แนะนำ', 'คอร์สเรียน', 'ว่าย', 'น้ำ', 'โรง', 'เรียน', 'ทำ', 'ดี']",1.0

"['รู้สึก', 'ประทับใจ']",1.0

"['รู้สึก', 'ประทับใจ']",1.0

['นับถือ'],1.0

"['เรียบร้อย', 'ไว', 'ขอบคุณ', 'เจ้าหน้าที่', 'ท่าน']",1.0

"['ขอบคุณ', 'สำหรับ', 'เมนู', 'อาหาร', 'กลาง', 'เด็ก', 'ปกครอง', 'ทราบ']",1.0

['เยี่ยม'],1.0

"['ชื่นชม', 'รรนะ', 'ปรับปรุง']",1.0

"['รู้สึก', 'ดีใจ', 'ลูก', 'เรียนรรนี้']",1.0

"['ครู', 'ดูแล', 'เอาใจใส่', 'เด็ก', 'ดี']",1.0

"['ครู', 'ดูแล', 'เอาใจใส่', 'เด็ก', 'ดี']",1.0

"['ขอบใจ', 'จ่ะ']",1.0

"['ขอบคุณ', 'ตอบ', 'ถาม', 'แม่']",1.0

"['เรียบร้อย', 'ไว', 'ขอบคุณ', 'เจ้าหน้าที่', 'ท่าน']",1.0

['ขอบคุณ'],1.0

"['ลูก', 'ข้าว', 'ผัด', 'วาน', 'อร่อย']",1.0

"['คลิป', 'แนะนำ', 'คอร์สเรียน', 'ว่าย', 'น้ำ', 'โรง', 'เรียน', 'ทำ', 'ดี']",1.0

"['ครู', 'คอย', 'ดูแล', 'เดิน', 'บันได', 'กังวล', 'เรื่อง', 'สะอาด', 'ขอบคุณ', 'คอย', 'ใส่ใจ', 'รายละเอียด']",1.0

"['ข้าว', 'อร่อย', 'ลูก', 'ทาน', 'เกลี้ยง']",1.0

"['อาหาร', 'ดี', 'ขอบคุณ']",1.0

"['ลูก', 'ถ่าย', 'รูป', 'ผลไม้', 'ดู', 'ผลไม้', 'สด', 'หวาน']",1.0

"['อาหาร', 'กลาง', 'พรุ่ง', 'หมู', 'ตุ๋น', 'ชอบ', 'ทาน']",1.0

"['ยินดี', 'น้อง', 'วงโยธวาทิต']",1.0

"['ยินดี', 'เด็ก', 'รางวัล', 'เก่ง']",1.0

"['ยอดเยี่ยม', 'ราคา', 'เหมาะสม']",1.0

"['กระเป๋า', 'รร', 'สวย', 'เหมือน', 'รูป', 'ชอบ']",1.0

"['ราคา', 'โบว์', 'คุณภาพ', 'เหมาะสม', 'ขอบคุณ']",1.0

"['รายการ', 'อาหาร', 'อาทิตย์', 'ดี', 'เด็ก', 'รับประทาน', 'อร่อย']",1.0

"['เก่ง', 'คับ', 'ลูก', '2']",1.0

['ยินดี'],1.0

"['ดีใจ', 'น้อง', 'ดิว', 'สำเร็จ', 'คณะ', 'ศึกษา']",1.0

"['ชื่นชม', 'กิจกรรม', 'ดี', 'ชลประทาน', '…', 'กำลังใจ', 'ทีม', 'งาน', 'ท่าน', 'สู้']",1.0

"['ชื่นชม', 'กิจกรรม', 'ดี', 'ชลประทาน', '…', 'กำลังใจ', 'ทีม', 'งาน', 'ท่าน', 'สู้']",1.0

"['ขอบคุณ', 'ผอ', 'ผอ', 'ดูแล', 'เด็ก', 'ข้าม', 'ถนน']",1.0

"['ขอบคุณ', 'ผอ', 'ตอน', 'เช้า', 'ดู', 'ลูก', 'ข้าม', 'ถนน']",1.0

"['ดีล', 'ชอบ']",1.0

['เก่ง'],1.0

"['สวยงาม', 'เก่ง', 'สร้าง', 'ชื่อเสียง', 'รร', 'ประเทศชาติ']",1.0

"['ยินดี', 'เก่ง']",1.0

['ยินดี'],1.0

['เก่ง'],1.0

['ยินดี'],1.0

"['คว้า', 'เหรัยญทอง', 'เชียร์']",1.0

"['น้อง', 'แตะเตี้ยม', 'ยินดี', 'พ่อ', 'แม่', 'ยอดดด']",1.0

"['ส่งใจ', 'เชียร์']",1.0

"['ยินดี', 'ยอดเยี่ยม']",1.0

"['เก่ง', 'ปลื้มจัง', 'ครู', 'กำลังใจ', 'ชื่นชม', 'สำเร็จ', 'หนู']",1.0

"['ยินดี', 'ยอดเยี่ยม']",1.0

"['ยินดี', 'เก่ง']",1.0

"['เก่ง', 'คน']",1.0

"['เก่ง', 'จร้า']",1.0

"['ยินดี', 'คน', 'เก่ง']",1.0

"['ยินดี', 'เก่ง']",1.0

['ยินดี'],1.0

"['เก่ง', 'ยินดี', 'ชนะ', 'เลิศ']",1.0

['ยินดี'],1.0

['ยินดี'],1.0

['ยินดี'],1.0

"['ชอบ', 'กิจกรรม', 'ชมรม', 'ติดตาม', 'สนับสนุน']",1.0

['ยินดี'],1.0

"['เด็ก', 'ดี', 'ศรี', 'ตัว', 'ครอบครัว', 'คน', 'รอบ', 'ชาติ', 'ยินดี']",1.0

"['ภาพ', 'สวย']",1.0

['สวย'],1.0

"['เด็ก', 'เก่ง', 'ยินดี', 'น้อง']",1.0

"['ภาพ', 'สวย']",1.0

"['เก่ง', 'ยินดี']",1.0

"['สวย', 'ยินดี']",1.0

"['ขอร่วม', 'ยินดี', 'ภาคภูมิใจ', 'สำเร็จ', 'น้อง']",1.0

['กำลังใจ'],1.0

"['โชค', 'ดี', 'เก็บเกี่ยว', 'ประสบการณ์', 'ดี', 'ปลอด', 'ภัย']",1.0

"['ขอบคุณ', 'โรงเรียนชลประทานวิทยา', 'คณาจารย์', 'เจ้าหน้าที่', 'ศิษย์', 'รุ่น', 'พี่', 'เพื่อน', 'หน่วย', 'งาน', 'เมตตา', 'อบรม', 'สั่งสอน', 'ส่งเสริม', 'สนับสนุน', 'น้อง', 'ก้าว', 'เดิน', 'จุด', 'ทุน', 'ดี', 'งาม', 'เดินทาง', 'ฝัน']",1.0

"['ขอบ', 'ยินดี']",1.0

['ยินดี'],1.0

"['ชื่นชม', 'ยินดี', 'เด็ก', 'เก่ง']",1.0

"['เด็ก', 'ยอด', 'ชื่นชม', 'ดีใจ']",1.0

"['ขอบคุณ', 'ดี', 'ต่อใจ']",1.0

"['งดงาม', 'ดู', 'กี่', 'ปี', 'กี่', 'ปี', 'งดงาม']",1.0

"['ภูมิใจ', 'ยอด']",1.0

"['ยินดี', 'เด็ก']",1.0

"['ยินดี', 'เด็ก', 'เก่ง']",1.0

"['ยินดี', 'คุณครู', 'ท่าน']",1.0

"['ยินดี', 'เก่ง']",1.0

"['Congratulations', 'เด็ก', 'คน', 'ค้าบ']",1.0

"['ยินดี', 'น้อง', 'คน']",1.0

"['เด็ก', 'ชลประทาน', 'เก่ง']",1.0

"['ยินดี', 'ลูก', 'ชลประทาน', 'คน', 'สำเร็จ', 'ชาติ', 'ศาสนา', 'พระมหากษัตริย์']",1.0

"['ยินดี', 'น้อง', 'คน']",1.0

"['ยินดี', 'น้อง', 'ท่าน']",1.0

"['ยินดี', 'ท่าน']",1.0

"['สวย', 'มง']",1.0

"['เก่ง', 'ลูก', 'เก่ง', 'หล่อ']",1.0

['ยินดี'],1.0

"['ยินดี', 'กำลังใจ', 'นร', 'ชลประทาน']",1.0

"['ยินดี', 'เด็ก', 'ปกครอง', 'นึก', 'ประกาศ', 'ลูก', 'สาว']",1.0

"['ขอบคุณ', 'ฝาก', 'ลูก', 'ชาย', 'รั้ว', 'CPW']",1.0

"['ลูก', 'สาว', 'สมหวัง', 'ดีใจ']",1.0

"['รู้สึก', 'ยินดี']",1.0

"['ยินดี', 'น้อง', 'ครอบครัว', 'คน', 'ยอดเยี่ยม']",1.0

"['ยินดี', 'เด็ก']",1.0

"['ยินดี', 'คน']",1.0

"['ยินดี', 'เด็ก', 'คน', 'ครอบครัว', 'พ่อ', 'แม่', 'หาย', 'เหนื่อย']",1.0

"['ยินดี', 'น้อง', 'คน']",1.0

"['คน', 'ยอดเยี่ยม', 'ขอบคุณ', 'ยินดี', 'ท่าน', 'ตื่นเต้น', 'แม่', 'ดีใจ', 'อาการ', 'ลูก']",1.0

"['ยินดี', 'น้อง', 'ครอบครัว']",1.0

"['ยินดี', 'เด็ก', 'สอบ', 'คน', 'กำลังใจ', 'เด็ก', 'สมหวัง', 'สนาม', 'สนาม', 'แน่นอน']",1.0

"['ยินดี', 'น้อง', 'บ้าน', 'สอบ', 'ติด']",1.0

"['ยินดี', 'คน']",1.0

"['ยินดี', 'เด็ก', 'ปกครอง', 'ท่าน', 'รู้สึก']",1.0

"['ขอบคุณ', 'ฝาก', 'ลูก', 'ชาย']",1.0

['ยินดี'],1.0

"['ยินดี', 'เรียน', 'ผปค', 'ปลื้มใจ', 'แทน', 'จิง']",1.0

"['ยินดี', 'เด็ๆ']",1.0

"['ยินดี', 'ลูก', 'คน', 'ปี', 'หน้า', 'คน']",1.0

"['ยินดี', 'เด็ก', 'คน']",1.0

"['ยินดี', 'เด็ก', 'คน', 'เก่ง']",1.0

"['เป้น', 'กำลังใจ', 'น้อง', 'คน', 'สู้', 'สนาม', 'ทำ', 'ดี', 'อย่ง']",1.0

"['ยินดี', 'เก่ง']",1.0

"['ดีใจ', 'ลูก', 'สาว', 'โอกาส', 'เรียน', 'ครู', 'คน', 'เก่ง']",1.0

"['ลูก', 'ครู', 'สอน', 'ดี', 'เรื่อง', 'สอน']",1.0

"['โรง', 'เรียน', 'สะอาด', 'ต้น', 'ไม้', 'ร่มเงา', 'หนู', 'โรง', 'เรียน', 'อ', '1', 'ตอน', 'หนู', 'ป4', 'ค้า']",1.0

"['โรง', 'เรียน', 'เรียน', 'ระดับ', 'อนุบาล', '1', 'มัธยม', 'ปลาย', 'คุณครู', 'ใจดี', 'รัก']",1.0

"['สถานที่', 'เรียน', 'สะอาด', 'โปร่ง', 'โล่ง', 'ชอบ']",1.0

"['รร', 'ดี', 'คะหนู', 'เรียน', 'ป1', 'ตอน', 'ป6', 'รรดี']",1.0

"['ดีใจ', 'ลูก', 'สอบ', 'ติด', 'สถาน', 'ศึกษา', 'ชื่อเสียง', 'นนทบุรี']",1.0

"['โรงเรียนสอน', 'ลูก', 'ดี', 'ขอบคุณ']",1.0

"['ลูก', 'ข้าว', 'ไก่', 'อร่อย']",1.0

['ยินดี'],1.0

['ยินดี'],1.0

['ยินดี'],1.0

"['ต้น', 'ไม้', 'รร', 'y2', 'k', 'หยอก', 'ชอบ', 'ร่มลื่น']",1.0

"['เด็ก', 'เก่ง', 'กำลังใจ', 'จงก้าว', 'เดิน']",1.0

['เก่ง'],1.0

"['ลูก', 'คน', 'ตั้งใจ', 'ตั้งมั่น', 'อดทน', 'สู้']",1.0

['ขอบคุณ'],1.0

"['แผน', 'เรียน', 'สนใจ']",1.0

"['ยอด', 'เก่ง', 'น้อง', 'เสียง', 'ครู', 'ฝึกก้อสุด', 'ยอด']",1.0

['ยินดี'],1.0

"['ขอบคุณ', 'รร', 'เรียน', 'พัฒนา', 'ถนัด']",1.0

"['โรงเรียน', 'พัฒนา', 'เอาใจช่วย', 'สู้']",1.0

"['เด็ก', 'เก่ง']",1.0

"['ยินดี', 'เรียน', 'คุณครู', 'คน']",1.0

"['เริส', 'อนาคต', 'แน่']",1.0

['เริส'],1.0

"['ผอท่าน', 'รัก']",1.0

"['ผอท่าน', 'เสียสละ', 'ทำ', 'หน้าที่', 'ดี', 'เวลา', 'ผปค', 'อ', 'ย่าง', 'สัมผัส', 'ท่าน', 'รัก', 'โรง', 'เรียน', 'ขอบ', 'พระคุณ', 'ท่าน', 'ดูแล', 'ลูก', 'ดี', 'ท่าน', 'สุข', 'วัย', 'เกษียณ']",1.0

"['รอ', 'ลูก', 'รร', 'ร่ม', 'ลื่น', 'ลม', 'เย็น', 'ชอบ']",1.0

"['ดีใจ', 'คน']",1.0

"['ยินดี', 'เรียน', 'คน', 'เก่ง']",1.0

"['กีฬา', 'น้อง', 'เยี่ยม', 'เยี่ยม']",1.0

"['กำลังใจ', 'ครู', 'เรียน', 'ก้าว', 'เข้มแข็ง', 'สู้']",1.0

"['กำลังใจ', 'ครู', 'เรียน', 'สู้']",1.0

"['คน', 'ท่าน', 'ทำ', 'ดี', 'ปัจจัย', 'ตั้งใจ', 'รรรู้', 'ดี', 'กำลังใจ', 'เด็ก', 'ป่วย', 'อาจารย์', 'ลูก', 'คน']",1.0

"['รร', 'ตรวจ', 'คัดกรอง', 'โรค', 'โควิด', '19', 'เด็ก', 'คน', 'ดี', 'ขอบคุณ']",1.0

"['หนู', 'รู้', 'ขอบคุณ']",1.0

['ขอบคุณ'],1.0

"['เงิน', 'บช', 'คืน', 'ขอบคุณ']",1.0

"['หนู', 'ชอบ', 'ผลไม้', 'พรุ่ง', 'ทาน']",1.0

"['ข้าว', 'ไก่', 'น้ำ', 'จิ้ม', 'ตัว', 'เนื้อ', 'ไก่', 'ฟิน', 'ครู', 'ผม', 'ชอบ']",1.0

"['แตงโม', 'ฟิน', 'ครู', 'ผม', 'ชอบ', 'อาทิตย์', 'หน้า']",1.0

"['ครู', 'ดูแล', 'เด็ก', 'เรียน', 'ดี', 'คน', 'รูป', 'ปกครอง', 'พ่อแม่หานห่วง']",1.0

"['ฐานะ', 'ศิษย์', 'เก่า', 'ดิฉัน', 'ชื่ม', 'ชม', 'โรง', 'เรียน', 'สนับสนุน', 'เผยแพร่', 'กิจกรรม', 'วิชาการ', 'ช่องทาง', 'ออนไลน์', 'รู้', 'รร', 'กิจกรรม', 'เรียน', 'ดี']",1.0

"['ผ่านพ้น', 'สถาณการณ์', 'ดี', 'สู้']",1.0

"['ตัด', 'ภาพ', 'คม', 'ชัด', '4', 'k', 'รัก']",1.0

"['ตา', 'ราง', 'เรียน', 'ป6']",2.0

"['ทักษะ', 'ว่าย', 'สอน', 'เด็ก', 'มต้น']",2.0

"['ปี', 'สมัคร', 'น้อง', '2', 'ขวบ', 'ปี', 'หน้า', 'สมัคร', 'น้อง', '3', 'ขวบ', 'รร', 'ยุ', 'ไหม', 'รายละเอียด']",2.0

"['ชื่อ', 'เฟส', 'ไหร่', 'ทน']",2.0

"['ป4', 'ไหม']",2.0

"['รบกวน', 'สอบถาม', 'ผปค', 'คน', 'เรียน', 'ใข่', 'ไหม']",2.0

"['ม', '4', 'แผน', 'ไหม']",2.0

"['ย้าย', 'เรียน', 'ตอ', 'น', 'ม', '5', 'ไหม', 'เอกสาร']",2.0

"['เรียน', 'เต็ม', 'รูปแบบ', 'ศุกร์', 'สิ้นสุด', 'ศึกษา', 'สอบ', 'ปลาย']",2.0

"['เมนู', 'อาหาร', 'ปกติ', 'ภาคep', 'กิน', 'เหมือน', 'แยก', 'ราคา', 'เทอม', 'epแพง', 'ธรรมดา']",2.0

"['สำหรับ', 'เด็ก', 'ประถม', 'ทาน', 'เผ็ด', 'ทำ', 'เมนู', 'ทาน', 'โรง', 'เรียน', 'เหรอคะ']",2.0

"['สลับ', 'จอด', 'รถ', 'ฝั่ง', 'สนาม', 'กอล์ฟ', 'ไหม', 'เวลา', 'รถ', 'จอด', 'ทำ', 'รถ', 'จอด']",2.0

"['สอบถาม', 'น้องย้าย', 'ตจว', 'เรียน', 'ไหม', 'พ่อ', 'น้อง', 'ย้าย', 'ตำแหน่ง', 'กทม', 'น้อง', 'พี่เรียน', '2', 'คน', 'ม', '2', 'ป', '3']",2.0

"['พี่', 'ชาย', 'เรียน', 'รรร', 'น้อง', 'เรียน', 'ปกครอง', 'ลำบาก', 'วิธี']",2.0

"['รบกวน', 'สอบถาม', 'ปี', '2566', 'โรง', 'เรียน', 'สมัคร', 'เด็ก', 'เรียน', 'ชั้น', 'ป', '4', 'ปกติ', 'ไหม', 'เกณฑ์', 'ย้าย', 'แถว', 'ปากเกร็ด', 'แจ้ง', 'วัฒนะ', 'ปี']",2.0

"['รบกวน', 'สอบถาม', 'ปี', '2566', 'โรง', 'เรียน', 'สมัคร', 'เด็ก', 'เรียน', 'ชั้น', 'ป', '4', 'ปกติ', 'ไหม', 'เกณฑ์', 'ย้าย', 'แถว', 'ปากเกร็ด', 'แจ้ง', 'วัฒนะ', 'ปี']",2.0

"['สมัคร', 'อนุบาล', '1', 'ปี', '65', 'เดือน', 'ธันวาคม', '64', 'มัย', 'ทราบ', 'แจ้ง', 'ไหม', 'เตรียม', 'เอกสาร']",2.0

"['เรียน', 'หยุด', 'เรียน', 'โควิด', 'การเรียนการสอน', '28', 'ธค', '63', '31', 'มค', '64', 'โรง', 'เรียน', 'ดำเนินการ', 'คืน', 'เทอม', 'ปกครอง']",2.0

"['คืน', 'เทอม', 'ไหม', 'เหมือน', 'แจ้ง', 'คอมเม้น', 'คืน', 'เทอม', 'ปลาย', 'เทอม']",2.0

"['ย้าย', 'เรียน', 'เทอม', 'หน้า', 'มป', '2', 'ทำ', 'สมัคร']",2.0

"['ย้าย', 'เรียน', 'เทอม', 'หน้า', 'มป', '2', 'ทำ', 'สมัคร']",2.0

"['โทร', 'สาย', 'อนุญาต', 'ถาม', 'ep', 'ป1', 'เทอม', 'ขอบคุณ']",2.0

"['สอบถาม', 'เรียน', 'ปรกติ', 'จราจร', 'โรง', 'เรียน']",2.0

"['รร', 'รูปแบบ', 'เดิม', 'ไม๊', 'งั้น', 'รถ', 'ติด', 'เทพ', 'ปรับปรุง']",2.0

"['สอบถาม', 'ศิษย์', 'เก่า', 'โรง', 'เรียน']",2.0

"['สอบถาม', 'ศิษย์', 'เก่า', 'โรง', 'เรียน']",2.0

"['ตาราง', 'เรียน', 'แจก', 'Download']",2.0

"['สอบถาม', 'เรื่อง', 'สอบ', 'TEDET', 'สอบ', 'ไหม']",2.0

"['เด็ก', 'สมัคร', 'ไม๊', 'สอบ', 'ประกาศ', 'เพจ']",2.0

"['สอบถาม', 'คะแนน', 'สอบ', 'ประเมิน', 'เด็ก']",2.0

"['ป้ายห้าม', 'ย้อนศร', 'ลาน', 'จอด', 'รถ', 'วินัย', 'แรง']",2.0

"['ปี', 'ศึกษา', '4', 'คูร', 'ลูก', 'สมัคร']",2.0

"['น้องเกิด', '31', 'กรกฏาคม', '2561', 'เกณฑ์', 'สมัคร']",2.0

"['ทราบ', 'เด็ก', 'ประถม', '1', 'ปี', 'ศึกษา', '2564']",2.0

"['สมัคร', 'อนุบาล', '1', '1', 'ธค', '64', 'มัย', 'ออน', 'ไล', 'ไหม']",2.0

"['สมัคร', 'อนุบาล', 'ออนไลน์', 'ทำไง']",2.0

"['เบอร์', 'ติดต่อ', 'ไหม', 'มั่นใจ', 'สมัคร', 'ตกหล่น']",2.0

"['เบอร์', 'ติดต่อ', 'ไหม', 'มั่นใจ', 'สมัคร', 'ตกหล่น']",2.0

"['สมัคร', 'ตอน', 'แผน', 'เรียน', 'บูราการ']",2.0

"['เตรียม', 'อบุบาล', 'ห้อง', 'ล่ะ', 'กี่', 'คน', 'น้องเรียน', 'เลิก', 'กี่', 'โมง']",2.0

"['สำหรับ', 'ผปค', 'จ่าย', 'เทอม', '1', 'จ่าย', 'เหรอ']",2.0

"['อนุญาต', 'สอบถาม', 'เห็ด', 'เรียน', 'โครงการ', 'สสวท', 'วิจัย', 'ขาย', 'ไหม']",2.0

"['อนุญาต', 'สอบถาม', 'เห็ด', 'เรียน', 'โครงการ', 'สสวท', 'วิจัย', 'ขาย', 'ไหม']",2.0

['ปลาย'],2.0

"['สอบ', 'เหมือน', 'เดิม']",2.0

"['ปี', 'เรียน', 'ป1']",2.0

"['EPSM', 'ปกติ', 'ราคา', 'เทอม']",2.0

"['สมัคร', 'ป', '1', '2565']",2.0

"['ทราบ', 'สมัคร', 'ครู', 'ปฐมวัย']",2.0

"['ทราบ', 'เทอม', 'อนุบาล']",2.0

"['สอบ', 'ปลาย', 'ภาคม', 'ปลาย']",2.0

"['สมัคร', 'อนุบาล', '1', 'อายุ', 'ไหร่']",2.0

"['ชำระ', 'ทำ']",2.0

"['สอบถาม', 'เรื่อง', 'คืน', 'เทอม']",2.0

"['ป4', 'eng', 'cpw', 'คืน', 'เทอม']",2.0

"['อาทิตย์', 'โรง', 'เรียน', 'ไหม']",2.0

"['ป1', 'โรง', 'เรียน', 'ใหน']",2.0

"['สอบถาม', 'แผนก', 'ITP', 'เรียน', 'ตึก']",2.0

"['สอบ', 'รร', 'บังคับ', 'เรียน', 'EP']",2.0

"['สระ', 'ว่าย', 'น้ำ', 'งาน']",2.0

"['ตรวจ', 'สุขภาพ', 'ประจำ', 'ปี', 'เรียน']",2.0

"['พรุ่ง', 'โรง', 'เรียน', 'หยุด', 'ไหม']",2.0

"['เรียน', 'น้อง', 'อนุบาล', 'ดู', 'หรอ']",2.0

"['แอปโรง', 'เรียน', 'ปัญหา', 'ป่าว']",2.0

"['เบอร์', 'โทร', 'ติดต่อ', 'ฝั่ง', 'อนุบาล']",2.0

"['ดู', 'เกรด', 'เฉลี่ย']",2.0

"['สมัคร', 'เรียน', 'ออนไลน์', 'รร', 'หรอ', 'ปี']",2.0

"['ภาษา', 'จีน', 'เรียน', 'ชั้น']",2.0

"['หลักสูตร', 'บิน', 'สมัคร', 'เรียน', 'ชั้น']",2.0

"['หลักสูตร', 'บิน', 'สมัคร', 'เรียน', 'ชั้น']",2.0

"['ศุกร์', 'ลูก', 'ต้ม', 'จืด', 'เต้า', 'หู้', 'สอง', 'ชิ้น', 'เศษ', 'หมู']",2.0

"['บัตร', 'กสิกร', 'อยู่แล้ว', 'ผ่อน', 'ไหม', 'จ่าย', 'เทอม', 'อ่ะ']",2.0

"['บัตร', 'กสิกร', 'อยู่แล้ว', 'ผ่อน', 'ไหม', 'จ่าย', 'เทอม', 'อ่ะ']",2.0

"['ชำระ', 'เทอม', 'ชำระ', 'บัตร', 'เครดิต', 'tmb', 'ไหม', 'ชำระ']",2.0

"['เสาร์', '28', 'จ่าย', 'เทอม', 'จ่าย', 'ตึก', 'เวลา', 'กี่', 'โมง']",2.0

"['เสาร์', '28', 'จ่าย', 'เทอม', 'จ่าย', 'ตึก', 'เวลา', 'กี่', 'โมง']",2.0

"['เสาร์', '28', 'จ่าย', 'เทอม', 'จ่าย', 'ตึก', 'เวลา', 'กี่', 'โมง']",2.0

"['จ่าย', 'เทอม', 'ถนัด', 'โอน']",2.0

"['ชำระ', 'mobile', 'banking', 'ใบ', 'ไหร่']",2.0

"['เครื่องแบบ', 'อนุบาล', 'ตอน', 'หา', 'ซื้อ', 'เหรอ']",2.0

"['เครื่องแบบ', 'อนุบาล', 'ตอน', 'หา', 'ซื้อ', 'เหรอ']",2.0

"['ประตู', '7', 'ไหม', 'ผม']",2.0

"['เกรด', 'เด็ก', 'ป4', 'ประกาศ']",2.0

"['ม', '3', 'ประกาศ', 'เกรด', 'ไหร่']",2.0

"['เรียน', 'เทอม', '1', 'ประถม', '6', 'ประกาศ']",2.0

"['ม', '1']",2.0

"['สมัคร', 'ประถมศึกษา', 'ปี', '1', 'ใหน']",2.0

"['สมัคประถมศึกษา', 'ปี', '1']",2.0

"['ป1', 'ห้อง', 'ปกติ', 'รับมัย']",2.0

"['เรียน', 'ออนไลน์']",2.0

"['เรียน', 'ออนไลน์หรอคะ']",2.0

"['ป1', 'ห้อง', 'ปกติ', 'สมัคร']",2.0

"['เตรียม', 'อนุบาล', 'กี่', 'ขวบ']",2.0

"['ประกาศ', 'สอบ']",2.0

"['จ่าย', 'บัตร', 'เครดิต', 'ธรรมเนียม', 'ไหม']",2.0

"['ระดับ', 'มัธยม', 'ตาราง', 'สอน', 'เดิม', 'เหมือน', 'ไหม']",2.0

"['จ่าย', 'ห้อง', 'เงิน', 'ทื่', '1', 'ธค']",2.0

"['ขับ', 'รถ', 'จ่าย']",2.0

"['อาทิตย์', 'สหกรณ์', 'โรง', 'เรียน', 'ไหม']",2.0

"['What', 'time', 'eat', 'lunch']",2.0

"['How', 'many', 'students', 'class']",2.0

"['How', 'many', 'buildings', 'school']",2.0

"['What', 'principal', '’', 's', 'name']",2.0

"['How', 'long', 'lesson']",2.0

"['What', 'time', 'eat', 'lunch']",2.0

"['How', 'many', 'students', 'class']",2.0

"['How', 'many', 'buildings', 'school']",2.0

"['What', 'principal', '’', 's', 'name']",2.0

"['How', 'long', 'lesson']",2.0

"['What', 'time', 'eat', 'lunch']",2.0

"['How', 'many', 'students', 'class']",2.0

"['How', 'many', 'buildings', 'school']",2.0

"['What', 'principal', '’', 's', 'name']",2.0

"['How', 'long', 'lesson']",2.0

"['แผน', 'ปกครอง', 'รถ', 'โรง', 'เรียน', 'ไหร่']",2.0

"['ตาราง', 'เรียน', 'แจก', 'Download']",2.0

"['ประกัน', 'อุบัติเหตุ', 'หาย']",2.0

"['กิจกรรม', 'ดนตรี', 'ต้าน', 'ยา', 'เสพ', 'ติด', 'คน', 'ชม', 'ไหม']",2.0

"['สอบถาม', 'รายละเอียด', 'ติว', 'TGAT', 'ไหม']",2.0

['ดีงับ'],2.0

[],2.0

['หวาดดี'],2.0

"['หวัด', 'ดีd']",2.0

['หวัดดี'],2.0

"['hello', 'malee']",2.0

"['hi', 'jessica']",2.0

"['hey', 'jessica']",2.0

"['ย้าย', 'ตอน', 'ป3', 'หลักฐาน', 'ซื้อ', 'ใบ', 'สมัคร', 'เปล่า']",2.0

"['Esmp', 'ม', '1', 'มอบ', 'ตัว', '7', 'ธค', 'หมาย', 'ชำระ', 'เล่าเรียน', 'ล่วงหน้า', 'ไหม', 'กรณี', 'ปกครอง', 'ว่าง', 'ติด', 'ภาระกิจ', 'อนุโลม', 'ขยับ', 'เวลา', 'ไหม', 'ผม', 'ศิษย์', 'เก่า', 'ชปว', 'ลูก', 'คน', 'ขึ้นม', '1', 'คน', 'ม', '4', 'เรียน', 'ESMP', 'ถาม', 'สอง', 'คน']",2.0

"['รายละเอียด', 'รีวิว', 'เกี่ยว', 'เรียน', 'อนุบาล', 'ไหม']",2.0

"['รายละเอียด', 'รีวิว', 'เกี่ยว', 'เรียน', 'อนุบาล', 'ไหม']",2.0

"['ติดต่อ', 'ใบ', 'เรียน', 'จบ', 'ป6', 'ติดต่อ', 'เปล่า', 'เสาร์', 'เรียน', 'ปกติ', 'ไหม']",2.0

"['ใบ', 'สมัคร', 'สอบซื้อ']",2.0

"['หลาน', 'จังหวัด', 'เรียน', 'ป', '1', 'ทำ', 'คะแนน']",2.0

"['เรียน', 'ม', '1', 'EP', 'หรอ']",2.0

"['ม', '4', 'ห้อง', 'เรียน', 'ภาษา', 'อังกฤษ', 'เรียน', 'ห้อง', 'สายวิทย์', 'ไหม']",2.0

['ป4'],2.0

"['สอบถาม', 'คะสมัคร', 'ป4', 'รบกวน', 'ลิ้ง', 'รายละเอียด']",2.0

"['สอบถาม', 'คะอ', 'ย้าย', 'ลูก', 'จังหวัด', 'สมัคร', 'ป4', 'โรง', 'เรียน', 'เปล่า']",2.0

"['รบกวน', 'สอบถาม', 'ป', 'English', 'program', 'Gifted', 'English']",2.0

"['สอบถาม', 'อนุบาล', '1', 'กี่', 'ขวบ', 'สมัคร']",2.0

"['สอบถาม', 'อนุบาล', '1', 'กี่', 'ขวบ', 'สมัคร']",2.0

"['ย้าย', 'ตอน', 'ป3', 'ทำ']",2.0

"['สมัคร', 'เรียน', 'ไหร่']",2.0

"['ราคา', 'ใบ', 'สมัคร', 'สสวท', 'ep', 'กี่', 'บาท']",2.0

"['esmp', 'เหรอ']",2.0

"['สอบถาม', 'เรียน', 'จบ', 'ป', '6', 'ชั้น', 'มัธยม', 'ปี', '1', 'ห้อง', 'EP', 'เหรอ']",2.0

"['สมัคร', 'เด็ก', 'อ', '2', 'ไหร่']",2.0

"['น้องเกิด', 'ตุลา', '63', 'สมัคร', 'ปี', 'โทร', 'จอง', 'สิทธิ์', 'ไหร่', 'ขอบคุณ']",2.0

"['สอบถาม', 'น้องเรียน', 'อนุบาล', '1', 'อนุบาล', '2', 'ไหม']",2.0

"['ศิษย์', 'เก่า', 'โรง', 'เรียน', 'ไหม']",2.0

"['สอบถาม', 'รายละเอียด', 'สมัคร', 'ครู']",2.0

"['อนุญาต', 'สอบถาม', 'ลูก', 'ผม', 'อาหาร', 'อิสลาม', 'เมนู', 'อาหาร', 'ทั่วไป', 'อะ', 'วัตถุ', 'ดิบ', 'ไหม']",2.0

"['อนุญาต', 'สอบถาม', 'ลูก', 'ผม', 'อาหาร', 'อิสลาม', 'เมนู', 'อาหาร', 'ทั่วไป', 'อะ', 'วัตถุ', 'ดิบ', 'ไหม']",2.0

"['สอบถาม', 'เทอม', 'หรอ']",2.0

"['สอบถาม', 'เทอม', 'หรอ']",2.0

"['สอบถาม', 'เทอม', 'เตรียม', 'ห้อง', 'เรียน', 'หรอคะ']",2.0

"['สอบถาม', 'เทอม', 'เตรียม', 'ห้อง', 'เรียน', 'หรอคะ']",2.0

"['ผม', 'ชื่อ', 'ผม', 'ทำ', 'บัตร', 'เรียน', 'หัก', 'ทำ', 'ดี']",2.0

"['ผม', 'สอบถาม', 'เรียน', 'เรียน', 'ชาย', 'ตัด', 'ผม', 'เกรียน', 'เรียน']",2.0

"['ผม', 'สอบถาม', 'เรียน', 'เรียน', 'ชาย', 'ตัด', 'ผม', 'เกรียน', 'เรียน']",2.0

"['ผม', 'สอบถาม', 'เรียน', 'เรียน', 'ชาย', 'ตัด', 'ผม', 'เกรียน', 'เรียน']",2.0

"['ดิฉัน', 'สอบถาม', 'เทอม', 'ร้าน', 'สหกรณ์']",2.0

"['จ่าย', 'เทอม', 'ออนไลน์']",2.0

"['สอบถาม', 'ปัก', 'ชื่อ', 'ย่อ', 'โรง', 'เรียน', 'ปัก', 'ซ้าย', 'ขวา', 'เสื้อ', 'หรอ']",2.0

"['สอบถาม', 'ปัก', 'ชื่อ', 'ย่อ', 'โรง', 'เรียน', 'ปัก', 'ซ้าย', 'ขวา', 'เสื้อ', 'หรอ']",2.0

"['ผม', 'ทำ', 'เรื่อง', 'ผ่อนผัน', 'จ่าย', 'เทอม', 'หรอ']",2.0

"['ผม', 'ทำ', 'เรื่อง', 'ผ่อนผัน', 'จ่าย', 'เทอม', 'หรอ']",2.0

['สอบถาม'],2.0

"['ลูก', 'ผม', 'กลัว', 'ครูปกครอง', 'คน', 'นึง', 'ครู', 'คน', 'ลด', 'ดุ']",2.0

"['ทราบ', 'โรง', 'เรียน', 'ขาย', 'ชุด', 'เรียน', 'หรอ']",2.0

"['ทราบ', 'โรง', 'เรียน', 'ขาย', 'ชุด', 'เรียน', 'หรอ']",2.0

"['สอบถาม', 'เกี่ยว', 'กิจกรรม', 'ประชุม', 'ปกครอง', 'เรียน', 'พ่อแม่', 'หนู', 'ประเทศ', 'พี่', 'ชาย', 'หนู', 'ประชุม', 'พี่', 'ชาย', 'ปกครอง', 'หนู']",2.0

"['สอบถาม', 'เกี่ยว', 'กิจกรรม', 'ประชุม', 'ปกครอง', 'เรียน', 'พ่อแม่', 'หนู', 'ประเทศ', 'พี่', 'ชาย', 'หนู', 'ประชุม', 'พี่', 'ชาย', 'ปกครอง', 'หนู']",2.0

"['สอบถาม', 'เกี่ยว', 'กิจกรรม', 'ประชุม', 'ปกครอง', 'เรียน', 'พ่อแม่', 'หนู', 'ประเทศ', 'พี่', 'ชาย', 'หนู', 'ประชุม', 'พี่', 'ชาย', 'ปกครอง', 'หนู']",2.0

"['งับ', 'ผม', 'สอบถาม', 'เกี่ยว', 'ย้าย', 'แผน', 'เรียน', 'งับ', 'ผม', 'ทำ']",2.0

"['งับ', 'ผม', 'สอบถาม', 'เกี่ยว', 'ย้าย', 'แผน', 'เรียน', 'งับ', 'ผม', 'ทำ']",2.0

"['ทราบ', 'ผม', 'ทำ', 'ทำ', 'เรื่อง', 'จ่าย', 'เทอม', 'ล่าช้า', 'หรอ']",2.0

"['รู้', 'โรง', 'เรียน', 'เงิน', 'ยอด', 'โอน', 'อ่ะ']",2.0

"['อาทิตย์', 'เทอม', 'หนู', 'เรียน', 'เนื่อง', 'ติด', 'ปัญหา', 'บ้าน', 'ใบ', 'ลา', 'ออนไลน์', 'กรอก']",2.0

"['สอบถาม', 'เสื้อ', 'พละ', 'ขาย', 'หรอ']",2.0

"['สอบถาม', 'เสื้อ', 'พละ', 'ขาย', 'หรอ']",2.0

"['สอบถาม', 'เสื้อ', 'พละ', 'ขาย', 'หรอ']",2.0

"['ครู', 'หนู', 'สอบถาม', 'เกี่ยว', 'ย้าย', 'โรง', 'เรียน', 'หนู', 'ย้าย', 'เรียน', 'สกน', 'หนู', 'เรื่อง', 'บื่น', 'โรง', 'เรียน']",2.0

"['สอบถาม', 'สี', 'กางเกง', 'โรง', 'เรียน', 'สี', 'ซื้อ', 'หลาน', 'แน่ใจ', 'สี']",2.0

"['สอบถาม', 'สี', 'กางเกง', 'โรง', 'เรียน', 'สี', 'ซื้อ', 'หลาน', 'แน่ใจ', 'สี']",2.0

"['สระ', 'ว่าย', 'น้ำ', 'บริการ', 'หรอ']",2.0

"['สอบถาม', 'หลักสูตร', 'ภาษา', 'อังกฤษ', 'สอน', 'ครู', 'ชาติ', 'เปล่า']",2.0

"['สอบถาม', 'หลักสูตร', 'ภาษา', 'อังกฤษ', 'สอน', 'ครู', 'ชาติ', 'เปล่า']",2.0

"['เทอม', 'ป1', 'ราคา', 'ไหม']",2.0

"['เดินทาง', 'โรง', 'เรียนชลประทาน']",2.0

"['ชุด', 'ลูกเสื้อ', 'ระเบียบ', 'สี', 'กากี', 'เหรอ']",2.0

"['ชุด', 'ลูกเสื้อ', 'ระเบียบ', 'สี', 'กากี', 'เหรอ']",2.0

"['ตอน', 'สหกรณ์', 'โรง', 'เรียน', 'ขาย', 'ไหม', 'ซื้อ', 'ซื้อ', 'ชุด', 'เรียน', 'ซื้อ', 'ราคา', 'ท่า', 'ไหร่']",2.0

"['สอบถาม', 'เกี่ยว', 'สมัคร', 'ครู', 'แนะแนว', 'ครู', 'แนะแนว', 'ใบ']",2.0

"['รู้', 'โรง', 'เรียน', 'เงิน', 'ยอด', 'โอน', 'อ่ะ']",2.0

"['ตรวจ', 'สุขภาพ', 'เรียน', 'โรงพยาบาล', 'โรง', 'เรียนคะ']",2.0

"['เช็ค', 'ชื่อ', 'ชั้น', 'ม', '2', 'สอบ', 'วิชา', 'วิทยาศาสตร์', 'ชื่อ', 'น้อง', 'ทำ']",2.0

"['สมัคร', 'สอบ', 'ชื่อ', 'ทำ']",2.0

['ปลาย'],2.0

"['ปลาย', 'คับ']",2.0

"['ปลาย', 'คับ']",2.0

"['ฝน', 'ตก', 'หนัก', 'รถ', 'เด็ก', 'รร', 'ไหม']",2.0

"['สอบถาม', 'ศิษย์', 'เก่า', 'โรง', 'เรียน']",2.0

"['สอบถาม', 'ศิษย์', 'เก่า', 'โรง', 'เรียน']",2.0

"['ตาราง', 'เรียน', 'แจก', 'Download']",2.0

"['ป6', 'เทอม']",2.0

"['คืน', 'เทอม', 'ไหม', 'เหมือน', 'แจ้ง', 'คอมเม้น', 'คืน', 'เทอม', 'ปลาย', 'เทอม']",2.0

"['รบกวน', 'สอบถาม', 'จ่าย', 'โรง', 'เรียน', 'ไหม', 'ต้องการ', 'ใบ', 'เบิก']",2.0

"['รบกวน', 'สอบถาม', 'จ่าย', 'โรง', 'เรียน', 'ไหม', 'ต้องการ', 'ใบ', 'เบิก']",2.0

"['เอกสาร', 'โอน', 'คืน', 'เทอม']",2.0

"['ชำระ', 'ทำ']",2.0

"['อาทิตย์', 'โรง', 'เรียน', 'ไหม']",2.0

"['สมัคร', 'อนุบาล', '1', 'อายุ', 'ไหร่']",2.0

"['สอบถาม', 'แผนก', 'ITP', 'เรียน', 'ตึก']",2.0

"['สอบถาม', 'แผนก', 'ITP', 'เรียน', 'ตึก']",2.0

"['ตรวจ', 'สุขภาพ', 'ประจำ', 'ปี', 'เรียน']",2.0

"['เรียน', 'น้อง', 'อนุบาล', 'ดู', 'หรอ']",2.0

"['เกรด', 'ตอน']",2.0

"['ชำระ', 'เทอม', 'แอปโรง', 'เรียน']",2.0

"['ชำระ', 'เทอม', 'แอปโรง', 'เรียน']",2.0

"['ดู', 'เกรด', 'เฉลี่ย']",2.0

"['หาย', 'โรง', 'เรียน', 'เรียน', 'แจ้ง', 'หาย']",2.0

"['ทราบ', 'รองเท้า', 'พละ', 'สี', 'ขาว']",2.0

"['อาทิตย์', 'สหกรณ์', 'โรง', 'เรียน', 'ไหม']",2.0

"['สอบถาม', 'เรื่อง', 'น้อง', 'เรียน', 'เตรียม', 'อนุบาลอ่ะ']",2.0

"['ภาษา', 'จีน', 'เรียน', 'ชั้น']",2.0

"['หลักสูตร', 'บิน', 'สมัคร', 'เรียน', 'ชั้น']",2.0

"['EP', 'ป1', 'เทอม', 'ไหร']",2.0

"['บัตร', 'กสิกร', 'ผ่อน', '3', 'เดือน', 'ธรรมเนียม', 'บัตร', 'ไหม']",2.0

"['บัตร', 'กสิกร', 'ผ่อน', '3', 'เดือน', 'ธรรมเนียม', 'บัตร', 'ไหม']",2.0

"['ชำระ', 'เทอม', 'ชำระ', 'บัตร', 'เครดิต', 'tmb', 'ไหม', 'ชำระ']",2.0

"['จ่าย', 'เทอม', 'จ่าย', 'ตึก', 'เวลา', 'กี่', 'โมง']",2.0

"['จ่าย', 'เทอม', 'จ่าย', 'ตึก', 'เวลา', 'กี่', 'โมง']",2.0

"['ติดต่อ', 'ชำระ', 'เทอม', 'ล่วงหน้าที่', 'ห้อง', 'เงิน', 'ไหม', 'ชำระ']",2.0

"['จ่าย', 'เทอม', 'ถนัด', 'โอน']",2.0

"['ชำระ', 'โมบาย', 'แบงค์', 'กิ้ง', 'ใบ']",2.0

"['ชำระ', 'โมบาย', 'แบงค์', 'กิ้ง', 'ใบ']",2.0

"['จ่าย', 'บัตร', 'เครดิต', 'ธรรมเนียม', 'ไหม']",2.0

"['จ่าย', 'บัตร', 'เครดิต', 'ธรรมเนียม', 'ไหม']",2.0

"['ชำระ', 'mobile', 'banking', 'ใบ']",2.0

"['เตรียม', 'อนุบาล', 'สมัคร', 'กี่', 'ขวบคะ']",2.0

"['เครื่องแบบ', 'อนุบาล', 'ตอน', 'หา', 'ซื้อ', 'เหรอ']",2.0

"['เครื่องแบบ', 'อนุบาล', 'ตอน', 'หา', 'ซื้อ', 'เหรอ']",2.0

"['สมัคร', 'ป', '1', 'โอน', 'เงิน', 'สมัคร', 'ทำ']",2.0

"['สมัคร', 'ป', '1', 'โอน', 'เงิน', 'สมัคร', 'ทำ']",2.0

"['สมัคร', 'ป', '1', 'ep', 'เทอม', 'ไหร่']",2.0

"['อ1', 'เทอม', 'รัย']",2.0

"['สมัคร', 'อนุบาล', 'เว้น', 'หยุด', 'ราชการ']",2.0

"['รูป', 'สมัคร', 'เรียน', 'น้อง', 'อนุบาล', '1', 'ใส่', 'ชุด', 'เรียน', 'ถ่าย', 'รูป', 'เหรอ']",2.0

"['สมัคร', 'เตรียม', 'เตรียม', 'อนุบาล', 'เตรียม']",2.0

"['สหกรณ์', 'โรง', 'เรียน', 'ไหม']",2.0

"['สหกรณ์', 'โรง', 'เรียน', 'ไหม']",2.0

"['เทอม', 'ม', '4', 'จ่าย', 'ไหร่']",2.0

"['ITP', 'ม', '4', 'เทอม', 'ไหร่', 'เตรียม']",2.0

"['ITP', 'ม', '4', 'เทอม', 'ไหร่', 'เตรียม']",2.0

"['เทอม', 'ม', '4', 'ไหร่', 'เตรียม']",2.0

"['เทอม', 'ม', '4', 'ไหร่', 'เตรียม']",2.0

"['มอบ', 'ตัว', 'รรคะ']",2.0

"['เอกสาร', 'ร้อง']",2.0

"['เอกสาร', 'ร้อง', 'รูป', 'ถ่าย', 'ขนาด', 'ไหร่']",2.0

"['สอบถาม', 'ECP', 'เทอม', 'ไหร่']",2.0

"['ซื้อ', 'เครื่องแบบ', 'เรียน', 'หนังสือ', 'เรียน']",2.0

"['ซื้อ', 'เครื่องแบบ', 'เรียน', 'หนังสือ', 'เรียน']",2.0

"['กรอก', 'รายละเอียด', 'ใบ', 'มอบ', 'ตัว']",2.0

"['ทดสอบ', 'วัด', 'ระดับ', 'ภาษา', 'อังกฤษ', 'CEFR', 'สมัคร', 'สอบ', 'ไหม']",2.0

"['ชุด', 'เรียน', 'เสาร์', 'อาทิตย์', 'ซื้อ']",2.0

"['สั่ง', 'ตัด', 'ชุด', 'รด', 'ติดต่อ']",2.0

"['สั่ง', 'ตัด', 'ชุด', 'รด', 'ติดต่อ']",2.0

"['เดือน', 'หน้า', 'สอน', 'ว่าย', 'น้ำ', 'ไหม']",2.0

"['ท้อง', 'ฟ้า', 'จำลอง', 'ไหร่', 'เหรอ']",2.0

"['สอบถาม', 'เรื่อง', 'เรียน', 'ว่าย', 'น้ำหน่อย']",2.0

"['สอบถาม', 'รายละเอียด', 'สมัคร', 'ครู']",2.0

"['ราคา', 'ใบ', 'สมัคร', 'สสวท', 'ep', 'กี่', 'บาท']",2.0

"['รบกวน', 'สอบถาม', 'ป', 'English', 'program', 'Gifted', 'English']",2.0

"['ชุด', 'นร', 'จำหน่าย', 'ไหม', 'จำหน่าย']",2.0

"['ทราบ', 'เทอม', 'ม', '3', 'ม', '4', 'ใหร่']",2.0

"['สมัคร', 'สอบ', 'ไหร่']",2.0

